username,password,user_Id,credit_card_number,credit_card_security_code,credit_card_expire,address
ahmet,ahmet123,785392,4929743900598678,435,12/23,"32693 Kimberly Mountains
Foxfort, FL 80214"
laplace,laplace123,727429,4035407094704044,116,05/23,"6677 Wright Bridge
Arroyotown, HI 47839"
tesla,tesla123,284019,4317930885800019,112,01/24,"232 Howard Bridge Apt. 377
West Danielbury, CO 39934"
Albert,Albert123,739836,4751810900527164,723,12/31,"56289 Gina Burgs Apt. 628
Port Michael, IN 08932"
Frank,Frank123,324789,4363588263694447,687,01/33,"1879 Nathaniel Islands
South Kayleeshire, WV 18333"
Ron,Ron123,474060,4015700872905708,804,11/32,"881 Hurst Crossroad
Ericview, AR 58104"
Carrie,Carrie123,163464,4151451728518642,776,03/23,"87435 John Junctions Apt. 219
West Carlmouth, GU 16314"
Eric,Eric123,563529,4350928934973157,416,08/30,"48851 Michael Village
Port Kennethhaven, CO 72708"
Mark,Mark123,694860,4762659053350107,718,05/25,"USNV Norris
FPO AE 54984"
Ryan,Ryan123,283854,4534861550860953,350,02/32,"1217 Amanda Ranch Apt. 375
Port Thomasview, KS 24480"
Christopher,Christopher123,587629,4270168784844169,339,09/26,"595 Eric Circle
New Devinton, MI 03221"
Charles,Charles123,136559,4475357602172456,714,11/24,"PSC 1340, Box 6397
APO AP 45448"
Erma,Erma123,812697,4655108644853377,621,10/30,"Unit 9226 Box 7312
DPO AE 63235"
Lanora,Lanora123,335330,4616892083427037,156,11/24,"08995 Danielle Extension
New Charles, AR 05979"
Gary,Gary123,136440,4562874862796042,675,05/26,"3059 David Walk Suite 001
Port Joel, ID 93749"
Leon,Leon123,577545,4952505656106836,726,08/30,"961 Leslie Highway
Boydmouth, NH 86811"
Gerald,Gerald123,167823,4206026866507493,991,06/29,"6641 Anthony Station Apt. 376
Josephside, UT 24268"
Henry,Henry123,217784,4936401982509193,184,05/27,"8551 Alicia Circle Suite 049
Smithberg, MH 49408"
Sandra,Sandra123,230041,4748387086033875,581,07/32,"0171 Tammy Stravenue
Jamesville, WI 24180"
Bobby,Bobby123,779352,4876172298725771,541,11/24,"28930 Tracy Squares Suite 010
East Debra, GA 19901"
Esther,Esther123,799656,4360300770066504,197,07/25,"55363 Jonathan Station Suite 189
Leefurt, SC 49268"
Cathy,Cathy123,433736,4092874978396991,302,04/28,"6564 Lee Ways
Maynardshire, ND 20505"
Warren,Warren123,157697,4242904978332248,687,11/29,"Unit 9329 Box 5115
DPO AE 97965"
Karen,Karen123,139602,4612609247942808,799,09/31,"432 Stephanie Fords Apt. 244
East Francesside, OR 15615"
Anita,Anita123,257637,4702978366650133,361,06/31,"66761 Robyn Inlet Suite 763
Joefort, AZ 34222"
Beverly,Beverly123,561499,4169542346442593,413,12/24,"24908 Thomas Mews Apt. 477
Lake Scotttown, FL 11919"
Helen,Helen123,446635,4351233876604764,106,04/24,"694 Miller Camp Suite 684
Port Crystal, PA 88731"
Eloise,Eloise123,786978,4134023805151613,852,08/25,"041 Mullins Plain Suite 238
Thomashaven, WV 29667"
Michael,Michael123,867810,4290079256453221,633,03/24,"8012 Brittany Knolls
Rojasfurt, VA 04008"
Lisa,Lisa123,616534,4080124356675283,701,03/29,"531 Bradley Garden
Carlosfurt, CA 34672"
Mary,Mary123,558026,4061296737210155,878,11/26,"33117 Thomas Union
Lake Cindy, ID 14309"
John,John123,609532,4054619886220320,100,11/28,"68579 Johnson Street Suite 708
West Erika, ID 24246"
Alicia,Alicia123,403680,4186749535976344,840,03/27,"8432 Hall Summit
Harmonchester, WV 75124"
Kelvin,Kelvin123,878658,4134422241860805,745,10/27,"496 Charles Radial Suite 279
New Alexis, MO 62314"
Roy,Roy123,784635,4227781312395191,702,09/32,"33702 Steve Turnpike
Michaelfort, CT 00584"
John,John123,821959,4397581782432167,542,09/30,"2127 Breanna Bridge
East Sherrihaven, DC 87154"
Ronald,Ronald123,588880,4177062876788430,934,04/29,"251 Edward Trafficway Apt. 906
Blairburgh, VI 97732"
Paul,Paul123,178527,4380795192246244,191,04/28,"11866 Elizabeth Corners
West Jesuston, ID 21039"
Mirta,Mirta123,588393,4016961660536324,496,12/29,"5571 Bethany Estate
Nelsonport, AR 02337"
Raul,Raul123,191109,4885635665073164,891,12/31,"7720 Brown Park
East Chad, DC 63741"
Anthony,Anthony123,370675,4462571025023444,385,11/27,"84691 Charles Roads Apt. 441
North Edgar, MD 35281"
Ronald,Ronald123,721851,4560531580501946,228,08/31,"522 Erika Well Suite 419
Karamouth, TN 83471"
Richard,Richard123,251392,4449384989268346,582,01/33,"685 Lee Green
South Andrea, SD 91551"
Lillian,Lillian123,585484,4848997362462249,470,03/29,"0961 Shepard Views
West Johnfort, NC 59827"
Kevin,Kevin123,498891,4682112849061965,511,01/28,"70332 Morgan Lodge
East Gregory, GU 51698"
Thomas,Thomas123,326242,4919795646122728,985,11/30,"564 Albert Freeway Apt. 186
New Dustin, OK 65389"
Maria,Maria123,122945,4315605166526366,188,02/29,"96091 Theodore Harbors Suite 189
New Shelleyside, CA 68863"
William,William123,195060,4954905764690283,835,01/31,"Unit 0638 Box 3604
DPO AA 81586"
Carl,Carl123,574706,4512491335823724,371,01/29,"0170 Wilson Shoals Apt. 944
East Ashleyside, WI 27167"
Jimmy,Jimmy123,355219,4067780976677046,765,04/28,"USCGC Beck
FPO AP 39884"
Mark,Mark123,378152,4820441582255853,692,12/30,"657 Michelle Wall Apt. 592
Port Shawn, WA 15074"
Tammie,Tammie123,689048,4214920344241107,338,01/31,"6351 Mary Stravenue
West Maryburgh, PA 96148"
Van,Van123,841438,4556070809299863,160,08/30,"11944 Harris Inlet Apt. 505
Port Christopherside, HI 31163"
Annie,Annie123,299439,4268059320303790,315,05/32,"0032 Mckenzie Extensions Suite 101
Lake Emilyport, VI 23828"
Robert,Robert123,949100,4631592809866200,192,02/31,"74768 Dennis Street
West Davidmouth, LA 31232"
Mary,Mary123,395270,4930379602390945,864,02/26,"986 Brown Ville
Port Michaelville, CO 91043"
Paul,Paul123,514904,4403011569372016,397,04/28,"2370 Sullivan Crescent
Port Deanna, MS 82371"
Gena,Gena123,588550,4977017484151985,641,02/29,"25788 Marsh Ports
North Andrewbury, IN 51009"
James,James123,486013,4992001116164971,933,12/28,"5918 Lindsay Union
Holderhaven, AR 36695"
Michael,Michael123,299024,4924141749106321,807,12/32,"95357 Jones Inlet Suite 861
South Nicolas, MP 52240"
Steven,Steven123,408535,4391403520310611,376,09/31,"PSC 3491, Box 7738
APO AP 49091"
John,John123,895549,4222020875364798,835,02/29,"2825 Jacqueline Parkway Apt. 650
Mossburgh, FL 13934"
Ray,Ray123,167820,4409464509955438,557,06/28,"9863 David Manor
Gouldland, CO 77603"
Marie,Marie123,626173,4507996935845551,897,02/27,"08718 Nelson Gateway Apt. 450
Port Heatherport, IL 18197"
Kevin,Kevin123,222549,4157734122728469,818,05/31,"708 Lucas Dale
Lopezbury, PW 64919"
Theresa,Theresa123,681438,4024581667185964,698,01/33,"39718 Moss Falls Suite 502
Suttonfurt, WI 01751"
Allen,Allen123,365497,4648972176784809,666,05/32,"516 Reeves Canyon Suite 551
West David, MO 73904"
Charles,Charles123,740695,4895724824719301,951,06/26,"55198 Levy Station Suite 596
North Jeffreyshire, FM 50116"
Allen,Allen123,625420,4527040336640539,461,10/29,"38543 Blair Haven
Cameronberg, MH 59251"
Thomas,Thomas123,690160,4796561476772844,596,07/23,"69585 Smith Port
South John, MN 10080"
Stacey,Stacey123,300212,4252905150715784,391,10/24,"1212 Gina Harbor Suite 968
New Victoria, TX 06155"
Marge,Marge123,879335,4326265840551673,687,10/26,"7894 Michael Loop
Ericaberg, DC 16922"
Erin,Erin123,988185,4837588277129941,242,06/32,"86128 Holt Estates Suite 913
West Juliaburgh, GA 26246"
Janet,Janet123,864703,4449451996936072,161,10/26,"6494 Yvonne Square
Gailville, GU 42544"
Kelly,Kelly123,981037,4187896821931001,619,11/27,"7133 Susan Village
Jenniferville, VT 80650"
Shirley,Shirley123,177001,4564102108626767,683,03/27,"885 Shannon Square
Dakotashire, ME 59857"
John,John123,650760,4142541024915245,689,05/27,"01787 Lane Trace Suite 487
Lake Robertland, NE 50119"
Thomas,Thomas123,595485,4204678175297364,674,12/23,"862 Shields Cliffs
Rosariobury, ME 00730"
Brandon,Brandon123,902812,4251152485148396,698,11/31,"66298 Bowman Cliff Suite 552
New Brittney, MP 86613"
Julia,Julia123,756027,4298294168775429,378,08/28,"USNV Smith
FPO AP 62218"
Josephine,Josephine123,252581,4013753398893744,117,11/26,"114 Priscilla Lock
Mariastad, SD 02232"
Tyrone,Tyrone123,346083,4041377466884645,119,03/28,"5343 Brett Circles
Kevinbury, AS 93746"
Lillie,Lillie123,553909,4983105058668179,419,06/27,"5808 Alvarado Drives
Johntown, NM 30854"
Anthony,Anthony123,281359,4515811952154417,571,05/28,"9648 Brown Corners
Alexisfort, AS 81465"
Brian,Brian123,618056,4052089903078675,799,08/27,"725 Thomas Squares Suite 642
Caseyberg, MP 83572"
Tim,Tim123,800150,4806666750426419,314,10/23,"557 Mcfarland Mission
Fieldsburgh, LA 82194"
Jennifer,Jennifer123,322997,4459167727050283,579,02/26,"16415 Tyler Meadow
Teresatown, UT 28223"
Dorothy,Dorothy123,517539,4238903180482482,489,03/26,"66040 Brittany Fork
New Lauraburgh, MH 97408"
Melody,Melody123,800123,4137915766164815,838,05/24,"PSC 6061, Box 7980
APO AP 10347"
Michael,Michael123,451644,4899212578554682,487,02/27,"9522 Bryan River Apt. 168
Smithberg, VI 37044"
Lyle,Lyle123,502834,4106433182437853,250,09/25,"7996 William Brooks Apt. 629
West Maryfort, MH 42443"
John,John123,539481,4317354801746976,605,07/31,"66612 William Hills
Sparkshaven, FM 02577"
Kenneth,Kenneth123,943514,4909365426802774,598,09/30,"282 Williams Ridges Suite 949
Hernandezmouth, WI 02421"
Frances,Frances123,339149,4452363134079414,522,01/32,"5016 Lopez Squares
Powersside, LA 93492"
Michael,Michael123,744477,4907753162981690,976,12/30,"206 Lori Stravenue Suite 405
New Tammy, NV 95637"
Gary,Gary123,873697,4208314369124893,382,12/24,"723 Hebert Run Suite 050
West Jesseborough, UT 91109"
Tracy,Tracy123,792688,4274296869527528,195,07/29,"5292 Jade Ports
North Kimberly, CA 77752"
Karina,Karina123,492024,4509819600046990,219,04/28,"0245 Leon Estate
Johnshire, MN 30166"
Crystal,Crystal123,457101,4166531254180942,344,10/25,"USS Walker
FPO AE 83304"
Christopher,Christopher123,175496,4888347480509219,976,03/29,"171 Cooper Garden Suite 934
West Adam, CA 97220"
Clarence,Clarence123,854202,4426130909405147,770,12/23,"5926 Cantrell Drive Apt. 217
North Derrick, MP 26557"
Jean,Jean123,323762,4432714895714307,997,08/31,"24355 Guzman Parks
Cynthiatown, KS 23593"
Chong,Chong123,938690,4071941427011847,677,08/28,"4339 William Ranch
Kimberlyberg, FL 08768"
Frank,Frank123,945306,4954600573619538,876,06/30,"07342 Lee Hills Apt. 385
Kristietown, PA 27925"
Robert,Robert123,610945,4552306857736685,128,11/26,"49257 Gonzalez Lock Apt. 658
Lake Benjamin, GU 73135"
Claudia,Claudia123,850586,4205052173385408,881,05/32,"60088 Michael Crest
South Shaunstad, DC 98730"
Karen,Karen123,319363,4589678687579585,215,11/30,"09720 Flores Oval
New Teresa, OK 70805"
Andrea,Andrea123,454111,4483487928883856,870,02/25,"95275 Stacey Garden
West Victoria, WA 29000"
Robert,Robert123,192126,4583910627588400,503,06/24,"298 David Roads Apt. 277
Erikbury, AL 87868"
Benjamin,Benjamin123,234474,4473332176106778,462,10/27,"7707 Benjamin Center Suite 620
Rebeccaberg, MT 61829"
Jeramy,Jeramy123,991009,4433275775958058,962,08/23,"088 Diaz Loaf
Lake Dalemouth, MN 21804"
John,John123,180080,4664886431504365,392,05/27,"32734 Anita Inlet Suite 612
Andrewchester, FL 99909"
Lawrence,Lawrence123,631197,4088573912337485,315,09/31,"6099 Allen Plains Apt. 974
Cheryltown, NE 74482"
Vicky,Vicky123,385631,4086341822714256,400,09/29,"84442 Hardy Plaza
Brettview, NJ 20615"
Stanley,Stanley123,902128,4532064119073810,775,08/24,"74068 Gonzalez Lane Suite 875
North Michael, WY 71031"
Kelly,Kelly123,776639,4905012868811418,652,03/23,"8844 Rodriguez Alley Suite 406
East Angelahaven, NJ 71502"
Leland,Leland123,722324,4261754577880717,729,11/30,"22337 Valdez Fort Apt. 741
Samanthamouth, SC 09059"
Joseph,Joseph123,866769,4423092856865454,248,11/30,"738 Thompson Corner Apt. 384
Stephanieland, WA 66028"
Michael,Michael123,746753,4390620663927718,654,03/25,"0208 Davis Orchard
Port Michelle, HI 41937"
Jesse,Jesse123,667566,4584944661928247,600,08/28,"60480 Tracy Harbors Suite 330
Ashleymouth, FM 49920"
Helene,Helene123,787659,4875655530966733,907,05/23,"197 Parks Extensions Apt. 512
Beanburgh, FM 91814"
Floyd,Floyd123,388005,4659155710766146,473,09/23,"8141 Stacey Bridge
Anthonyfort, CT 35891"
Daniel,Daniel123,583981,4012408353947586,539,05/26,"18893 Kenneth Overpass
West Alanton, FM 05641"
Melia,Melia123,357855,4530690846592821,350,05/30,"598 Peterson Causeway Suite 742
Kellytown, MA 76198"
Doris,Doris123,419757,4993664538381223,868,05/26,"743 Kenneth Turnpike Suite 690
North Sharon, WY 73691"
James,James123,343109,4693424128156490,740,01/26,"PSC 3826, Box 3716
APO AP 86836"
Ralph,Ralph123,400790,4838889489754248,562,03/31,"4580 Watson Spurs
Port Nichole, MP 32679"
Gary,Gary123,863164,4713033428213822,556,06/32,"PSC 3908, Box 4607
APO AE 17704"
Brian,Brian123,165605,4068077681760822,425,05/25,"9942 Karen Village Apt. 412
Lindaport, OR 85134"
Zachary,Zachary123,602545,4395573904405777,549,05/25,"85315 Sarah Terrace
Philipchester, NH 05426"
Deborah,Deborah123,274162,4117412566549852,246,08/26,"USNV Lewis
FPO AA 61264"
Larry,Larry123,361649,4236455958404505,154,12/28,"08806 Craig Shore
New Mary, AZ 81713"
James,James123,578098,4013116832434402,276,09/26,"050 York Vista Apt. 102
Kristenburgh, SD 78208"
Patrick,Patrick123,726125,4876788386631348,569,11/28,"Unit 7612 Box 9021
DPO AE 23927"
James,James123,131064,4001088911260400,712,01/28,"3996 Wilson Trail
Lake Jessica, MS 50797"
Beverly,Beverly123,153288,4302297450643464,752,05/23,"1113 Ramirez Estates
Hansonville, CO 51917"
Beulah,Beulah123,236274,4390530627167568,625,11/31,"9153 Brooks Throughway Apt. 889
West Staceyborough, MH 12958"
Raymond,Raymond123,821821,4760244908558352,947,07/26,"1699 Perkins Meadow Apt. 075
Khanton, ND 29169"
Claude,Claude123,219920,4870101737802566,135,02/28,"2621 Richard Shores
Lake Anthony, AL 29713"
Gerald,Gerald123,972785,4890354941806172,117,07/23,"47958 Ashley Club Suite 884
Port Jessicaborough, IA 55559"
Susan,Susan123,128056,4742799394159117,922,10/26,"0383 Andrade River Suite 627
South Samanthaport, MI 63335"
Joan,Joan123,491829,4593391879578241,978,10/24,"13555 Burch Loaf Suite 665
East Bryan, CT 34080"
Thomas,Thomas123,822279,4724737400707265,791,03/32,"37385 Amanda Way Suite 931
South Terri, CT 88223"
Marian,Marian123,786313,4104848379477937,390,03/32,"50114 Robert Common
Jeffersonmouth, PR 19514"
Darlene,Darlene123,446489,4230564599242855,483,02/24,"30996 Bobby Passage
North Anthony, LA 68393"
Abigail,Abigail123,881737,4164827729511568,480,11/32,"7783 Benjamin Drive Suite 709
Stevensstad, WI 92503"
Rebecca,Rebecca123,344762,4862385036791121,986,11/25,"5426 Garcia Summit
Morrismouth, NH 56551"
Wilma,Wilma123,238283,4827669651308343,445,02/27,"62500 Erika Keys Suite 874
Lake Christopherchester, TN 10887"
Linda,Linda123,542244,4512180469322708,759,07/28,"2091 Joshua Cape Suite 914
Lewisberg, PA 44915"
Maurice,Maurice123,850380,4047282108093692,744,12/26,"74857 Jennifer Islands Suite 571
Port James, VT 05135"
Ruth,Ruth123,359663,4445110449415639,486,03/30,"1627 Donald Courts Apt. 155
North Jeffreyshire, WY 32863"
Clinton,Clinton123,684517,4117175292235811,958,07/23,"34286 Edwards Groves Suite 487
Harrybury, MA 62174"
Carol,Carol123,930714,4323543126333815,327,01/28,"244 Victoria Springs Suite 653
Lake Paulchester, CA 50224"
John,John123,722639,4287421060463340,624,11/25,"USNS Martinez
FPO AP 96807"
Chris,Chris123,460856,4630308076235123,500,11/24,"26727 Perez Inlet
Josephport, FL 52666"
Burl,Burl123,817379,4101551724102787,237,01/26,"96854 Heather Ramp Apt. 629
Heathermouth, MO 50679"
John,John123,723310,4067087548773844,337,02/24,"Unit 2256 Box 9040
DPO AA 12598"
Lisa,Lisa123,639273,4402734296601818,286,02/28,"2451 Sheppard Hills Apt. 833
West Megan, CA 08562"
Carol,Carol123,418893,4796261185399449,771,03/32,"30431 Michael Row
Rebeccastad, NE 10049"
Lanora,Lanora123,472046,4311188765892459,692,06/26,"2304 Christian Well Suite 753
North Sheryl, GU 72518"
Lashonda,Lashonda123,151675,4703846696813466,378,11/29,"11387 Michael Heights Suite 182
Port Matthew, DC 76518"
Lois,Lois123,300544,4472247230719641,112,12/27,"8360 Sanford Curve Apt. 895
Lake Megan, AS 89306"
Jeanne,Jeanne123,347325,4378250143089016,861,10/23,"6385 Ryan Plains Apt. 718
Ortegaburgh, NE 43245"
Katie,Katie123,589099,4262737103567303,469,10/32,"40228 Anthony Springs Apt. 797
Elizabethfurt, WI 18227"
Edwin,Edwin123,648856,4259264244350742,629,04/28,"650 Zachary Passage Suite 393
New Alexandriaside, PA 34330"
Theresa,Theresa123,814492,4720260065030745,631,11/23,"970 Bowman Route Suite 919
Williamfurt, KS 33760"
Tommy,Tommy123,829681,4733621765208631,203,03/28,"PSC 6557, Box 6724
APO AP 16621"
Alice,Alice123,866508,4387895047173636,555,05/25,"59815 Gallegos Prairie Apt. 919
East John, NJ 28596"
Willie,Willie123,604267,4742872107948819,665,12/24,"617 James Haven
Thompsonborough, AS 27927"
Charles,Charles123,957000,4848943346663882,382,12/26,"Unit 1944 Box 7304
DPO AP 47518"
Jerry,Jerry123,930087,4592532061522528,581,06/29,"499 Harris Mission Apt. 496
Lake Gregoryburgh, TX 53169"
Guadalupe,Guadalupe123,267843,4335283684916513,723,11/29,"1908 Davis Lights
South Robertmouth, SC 48747"
Brett,Brett123,563456,4592150206915356,619,03/32,"631 Vincent Burgs Suite 930
Ashleyhaven, IL 79310"
Michele,Michele123,594470,4191119836469394,208,05/29,"0262 Hooper Port
Wallberg, WY 41195"
Gabriel,Gabriel123,489618,4384265615268478,844,01/31,"8962 Jennifer Estate
East Kimberlyville, WY 97703"
Lorena,Lorena123,604726,4789210540276767,540,06/29,"83939 Vega Circle
Mcdonaldmouth, TX 67829"
Joan,Joan123,523523,4232903628520147,155,06/23,"04748 Hunter Forge Apt. 355
West Shelia, CA 84685"
Debra,Debra123,644637,4481216614078741,192,11/30,"49773 Brent Streets Suite 942
Lake Lauraborough, FL 19387"
Deborah,Deborah123,367903,4579045219407523,712,08/28,"742 Patrick Field Suite 481
New Zacharyfort, VT 52539"
Doyle,Doyle123,318363,4502865765487575,830,03/24,"438 Sampson Way
Williamsborough, NJ 81914"
Robert,Robert123,673169,4067699973100408,563,05/24,"Unit 4309 Box 8122
DPO AE 95417"
Allen,Allen123,354257,4567061772447289,996,12/30,"Unit 5407 Box 3302
DPO AP 86749"
Claudia,Claudia123,619668,4021410312668476,487,07/26,"2195 White Gateway
North Ericshire, NV 77600"
George,George123,240544,4104195857670025,870,01/25,"4541 Amy Harbor
Gutierrezfort, DE 89945"
Belinda,Belinda123,717291,4205200496034134,728,08/26,"079 Lori Club
Roychester, IA 94170"
Stephen,Stephen123,969801,4169539485303453,242,01/28,"5707 Thompson Ways
Davidstad, CO 51678"
Anthony,Anthony123,206358,4410560431488088,733,03/32,"35271 Rivera Mountains
Robertsside, MA 29449"
Diana,Diana123,623827,4763619380640512,306,11/29,"9158 Jeremiah Plaza Suite 564
Lake Lawrencefort, ME 02535"
Steven,Steven123,586958,4865419103683395,754,10/31,"087 Aaron Walks Suite 379
Smallstad, LA 54375"
Harriet,Harriet123,363505,4271610953344041,492,08/25,"46896 Kayla Squares
Masonfort, NH 73566"
Candice,Candice123,966884,4248537472644231,689,12/29,"1804 Kathleen Mission
North Alice, NJ 36478"
Princess,Princess123,930581,4876999490503493,123,09/24,"077 White Keys Suite 527
Susanfurt, MT 55442"
Cassandra,Cassandra123,600101,4755923159977208,405,07/24,"88449 Brown Inlet Apt. 118
Ariasside, MH 82635"
Betty,Betty123,261241,4378566308467139,671,11/29,"86874 Vincent Park Suite 573
Johnsonside, OR 19291"
Bryon,Bryon123,849158,4370469710447013,850,12/27,"9050 Edward Branch
Barnettberg, GA 71670"
Ricardo,Ricardo123,960961,4931089960222247,466,12/30,"31394 Rowe Crossroad Apt. 224
Lake Charles, IA 04335"
Pam,Pam123,481720,4069269377261319,197,05/31,"3501 Caleb Ports Apt. 436
North Jennifer, GA 82801"
Mechelle,Mechelle123,529428,4700263224352889,351,04/28,"6047 Davis Courts
Lake Michelle, ND 70574"
Robert,Robert123,920390,4156081474259847,891,11/28,"Unit 3288 Box 3169
DPO AA 87761"
Betty,Betty123,626525,4047307966467330,313,10/31,"5379 Jasmine Stravenue Suite 892
South Dana, IA 38916"
Heather,Heather123,102906,4750784260031995,628,01/26,"65125 Melissa Green Suite 263
North Melissastad, UT 37795"
Derrick,Derrick123,594948,4180337647902329,726,07/27,"8782 Larry Walks
Lake Carl, AR 44190"
Curtis,Curtis123,656783,4948513027246940,975,01/29,"Unit 1386 Box 1876
DPO AE 03136"
Teresa,Teresa123,133196,4944966529141221,611,12/30,"13484 Sarah Rest
North Alison, TX 47347"
Christina,Christina123,804760,4667131907668668,480,03/24,"16201 Schmidt Lights Suite 594
Lake Barbaramouth, CO 67412"
Grace,Grace123,521776,4841302857207703,985,01/29,"48661 Orr Knolls Suite 432
Rickeyborough, WI 38203"
Beatrice,Beatrice123,555621,4559176462975215,133,05/30,"504 Joseph Ways
Gonzalezside, WA 18099"
Ronnie,Ronnie123,590661,4148316030752955,947,05/30,"09558 Jessica Fort
Lake Phillip, WA 90365"
Hong,Hong123,660329,4746600704730249,396,10/24,"14650 Burke Ford Suite 734
New Phyllis, NJ 58518"
Timothy,Timothy123,890049,4734251707134841,895,03/27,"26744 Bell Landing Suite 190
Thomasside, AL 41046"
Tanya,Tanya123,681325,4860882402892048,955,10/24,"387 Meyer Terrace Suite 917
West Tiffany, AR 31885"
Michael,Michael123,581131,4592133776223260,410,07/30,"562 Griffin Haven
East Robertstad, DE 02852"
Rebecca,Rebecca123,889427,4748001507215637,595,04/23,"9827 Gina Centers Suite 593
South Pamelaton, SD 82292"
Brian,Brian123,900974,4104174753087592,472,04/25,"693 Rebecca Ways
East Cassandraside, KY 84959"
Nella,Nella123,828436,4826882092572150,190,03/24,"214 Pierce Meadows
North John, ID 35959"
Gerald,Gerald123,499093,4774623353084515,375,06/25,"94137 Diana Ridge Apt. 332
Port Madeline, DE 04870"
Frankie,Frankie123,986400,4007158235298172,311,06/30,"049 Gregory Squares
New Tiffanyton, UT 10757"
Jacqueline,Jacqueline123,913922,4147660190841079,345,06/31,"1319 Mary Plains Apt. 521
Elizabethton, MA 96714"
Robert,Robert123,600239,4067991407341819,208,08/26,"2197 Brown Mountain Suite 758
Woodchester, UT 55822"
Fannie,Fannie123,303813,4648902058206274,863,04/26,"62848 Jaclyn Terrace
Cynthiaberg, AS 52769"
Miles,Miles123,378121,4066968403150023,451,03/32,"987 Nicole Park
New Michael, WY 19792"
Christopher,Christopher123,445444,4235186451016139,362,06/26,"04275 Michelle Mount Suite 582
Amyside, VI 35390"
Virginia,Virginia123,670494,4942729569045567,631,03/33,"58008 Jones Ford Suite 597
East Jessicaborough, CO 60759"
Janet,Janet123,189372,4786595786742644,183,08/28,"78566 Smith Green
Morganborough, OH 68015"
Tamara,Tamara123,876495,4038466982572084,164,07/32,"646 Burton Shore
Brandonland, AK 08467"
Fred,Fred123,400159,4516650690793626,195,05/25,"29261 Andrew Lock Apt. 238
Port Nancy, WY 59096"
Helen,Helen123,125015,4071626479775510,663,08/27,"3631 Kerr Station Suite 988
Riveraside, FM 92980"
Adam,Adam123,645274,4774757763240281,399,10/32,"3871 Baker Corner Suite 790
West Sara, MP 65073"
Virginia,Virginia123,157692,4934910625824001,281,05/27,"8887 Martinez Unions Suite 652
East Paulfurt, AK 54284"
Iris,Iris123,113605,4755105900561305,415,01/25,"02984 James Lodge
Avilamouth, PR 49836"
Robert,Robert123,802458,4214820408396799,284,07/28,"7011 Welch Fields Suite 778
East Jason, GA 83885"
Brian,Brian123,823838,4217709437498584,939,07/29,"3105 Samantha Neck
North Michellestad, OK 27568"
Frank,Frank123,296053,4344105349274260,613,03/26,"773 Andrew View Suite 285
Port Eric, NJ 94846"
Patrick,Patrick123,661172,4630680560004482,762,12/30,"53940 Kyle Crossing Suite 159
South Michael, SD 05507"
Stanley,Stanley123,784462,4721821324665032,670,10/30,"80702 Mcdonald Manors Suite 653
Jonesborough, NM 57182"
Anne,Anne123,123061,4122173857473862,938,07/25,"906 Buchanan Inlet
South Valerie, CO 41152"
George,George123,490109,4749635768745904,889,12/26,"62735 Robin Mall Apt. 959
Eugenestad, GU 02452"
John,John123,737630,4776700409084331,951,02/27,"65727 Martin Haven Suite 035
Noahchester, MT 34891"
Nancy,Nancy123,246909,4717261835105648,655,05/29,"06757 Joshua Crescent
Stevensmouth, CT 74031"
June,June123,328963,4216793003429091,177,12/23,"54660 Williams Ranch
Lake Jennifer, CA 06412"
Jeffrey,Jeffrey123,486620,4533339181061680,498,02/33,"Unit 9506 Box 5835
DPO AE 52412"
Camille,Camille123,704131,4163135334429668,768,01/32,"52219 Janice Drives
New Nicole, IL 07669"
Gilbert,Gilbert123,721106,4154029424582166,409,12/24,"569 Roach Pine
Ronaldborough, AL 60046"
Bradford,Bradford123,255926,4666724363882699,227,03/32,"247 Thomas Meadow
New Mercedes, NC 49602"
Audry,Audry123,837083,4101382081436323,340,11/26,"Unit 7309 Box 0095
DPO AA 50064"
James,James123,450517,4195507389036816,311,08/25,"2043 Ferguson Ports Apt. 915
West Sherryville, ME 37966"
James,James123,544667,4809931934717381,509,08/29,"255 Melendez Greens
Geraldfurt, NC 14985"
Tammy,Tammy123,398100,4612407072172066,983,08/32,"95632 Keith Extensions
East Arianaland, NE 93067"
Beverly,Beverly123,611991,4763041114522280,822,05/31,"895 Angela Stravenue Apt. 386
North Christopherland, MP 61502"
William,William123,195203,4303443272998541,390,11/26,"07135 Chelsea Manor Suite 691
North Melinda, VI 66695"
Stanley,Stanley123,741120,4842320738972997,242,03/26,"974 Young Spurs
North Matthewton, AL 10984"
Diane,Diane123,648938,4687607945886939,546,11/24,"3238 Gina Trail Suite 354
Edwardsview, AZ 71093"
Clifton,Clifton123,548970,4909480975216282,724,05/29,"2349 Alexis Spur Suite 656
South Mason, SC 61524"
Maryann,Maryann123,595174,4544726330711065,320,05/24,"5712 Reynolds Point
Port Laurie, CT 55931"
Catherine,Catherine123,932350,4449358027533150,235,12/25,"7499 Fernandez Meadow Suite 099
North Colleenmouth, LA 87896"
Holly,Holly123,974708,4258819220117992,761,03/30,"090 Harris Flats Apt. 828
North Michael, PW 85915"
Theresa,Theresa123,793395,4600032527838055,155,10/25,"USS Bradley
FPO AP 96476"
Francis,Francis123,687033,4145819417014934,384,09/32,"7738 Joy Pines Apt. 766
Sanderston, MT 66919"
Yvonne,Yvonne123,760175,4796653210891228,589,07/23,"624 Bennett Squares
East Karen, ID 85356"
Mathew,Mathew123,575900,4886776320957000,542,02/29,"8950 Richard Orchard
West Thomasmouth, DE 42013"
William,William123,505002,4223704225970706,397,01/24,"498 Jessica Mission Apt. 529
Lake Karenville, CA 80413"
Joyce,Joyce123,264795,4408444811234764,564,09/25,"58529 Gonzales Overpass
Timothymouth, OR 13546"
Monica,Monica123,992768,4443795690656832,923,11/32,"33582 Murphy Squares
Emilyview, MP 85727"
Mary,Mary123,189698,4999954746501215,709,11/25,"9941 Burnett Meadow
Port Lisaton, HI 41644"
Jennifer,Jennifer123,462866,4108103516516270,352,10/30,"829 Laura Island Suite 147
Kruegerhaven, KY 49693"
Larry,Larry123,752849,4920034932929753,598,05/24,"5857 Jones Dam Apt. 710
New Loriville, WY 17930"
Tina,Tina123,730268,4131359140626635,284,09/23,"6783 Russo Rapid
Kevinmouth, PW 32180"
Jaime,Jaime123,360117,4952932797711946,334,08/25,"4268 Murphy Courts
South Kelsey, AK 89354"
Myrtle,Myrtle123,182933,4377867962549977,635,06/29,"104 Emily Manor
New Brianshire, SC 58757"
Josette,Josette123,158765,4330794878158899,405,02/33,"855 Amber Cape
New Matthewside, DC 15920"
James,James123,842753,4747716366177195,364,09/27,"715 Hall Branch
West Gregory, PR 06466"
Yvonne,Yvonne123,595656,4279601196286976,231,03/30,"374 Zachary Light Suite 350
Brooksmouth, SC 41176"
Carman,Carman123,733790,4929626081084693,803,05/31,"160 Moore Court Apt. 114
Port Andrew, MO 34652"
Debra,Debra123,769548,4745525574392948,187,10/25,"68569 Julie Ranch
Jeromehaven, PR 80984"
Paul,Paul123,250420,4549133987652079,373,05/31,"20771 Randy Well
Ericberg, SC 62237"
Aaron,Aaron123,275922,4233188596006399,825,03/32,"6338 Patricia Path Apt. 074
Lake Jamestown, PA 99123"
Breanna,Breanna123,736737,4769616571036942,972,07/32,"9494 Johnson Park
New Steven, PA 70175"
Shirley,Shirley123,824390,4956295421313893,650,04/32,"22438 Mitchell Brook Apt. 411
New Deborah, MO 60729"
Mary,Mary123,227128,4256310266333604,113,09/27,"86399 Rocha Plain Apt. 218
Jenkinston, AL 33178"
Joel,Joel123,894645,4027678616609941,460,10/23,"75983 Price Port
Jessicatown, MI 69898"
Jonathan,Jonathan123,857781,4067776378828005,933,11/23,"07459 Elizabeth Centers
Hudsonstad, AR 34470"
Sarah,Sarah123,864855,4921860256557559,402,12/28,"8756 Karen Camp Suite 189
Dunnchester, NV 15734"
Lawrence,Lawrence123,392383,4928138143800737,578,04/24,"896 George Divide Suite 481
Connieside, MA 48402"
Teresa,Teresa123,561899,4709579740364640,599,05/31,"18130 Burns Ferry Apt. 549
New Jasonchester, OR 83083"
Eric,Eric123,524928,4069082769534478,650,10/29,"PSC 9117, Box 3569
APO AA 74183"
Eleanore,Eleanore123,606373,4273519307679655,296,11/23,"53428 Matthew Keys
Fosterfort, MT 22038"
Janet,Janet123,247187,4522290943048429,950,02/33,"461 Benjamin Port
Scottfort, NH 27951"
Robert,Robert123,902801,4737305331162193,876,12/24,"USNS Smith
FPO AA 07711"
Barry,Barry123,820451,4133543808922869,889,02/33,"00751 Johnson Forge
South Kevinfort, NE 57711"
Deborah,Deborah123,513238,4766009882680207,511,08/27,"5101 Turner Court
West Juanchester, KS 26356"
Timothy,Timothy123,939389,4523592422417572,308,01/29,"23890 Morris Square Suite 871
South Caitlin, SC 42941"
Barbara,Barbara123,648230,4531967593657638,338,03/24,"205 Frank Isle Suite 205
East Jillville, AS 23123"
Oleta,Oleta123,880708,4992735357923609,315,03/30,"243 Snow Estate Apt. 111
Maldonadomouth, SC 25192"
Natasha,Natasha123,669555,4242586614532198,512,04/25,"PSC 9265, Box 3211
APO AE 13673"
Robert,Robert123,464461,4874242324144875,433,03/26,"7846 Davies Cliff
North Robertaview, WV 26080"
James,James123,736232,4136380815667378,391,12/27,"9027 Hale Crossroad
North Jenniferside, DC 04482"
James,James123,233433,4457209797389431,281,08/28,"067 Thomas Place Apt. 627
East Allenmouth, RI 71546"
Rose,Rose123,458790,4903261359196977,579,11/28,"Unit 8973 Box 7688
DPO AE 94654"
Ricardo,Ricardo123,262726,4420975165382539,525,09/30,"43463 Glenn Corners
Danielfurt, MN 14259"
Amado,Amado123,663546,4453650194356198,799,08/31,"8673 Webb Cove
Sanchezport, PW 22729"
Hazel,Hazel123,434418,4048803785215750,834,12/26,"225 Benitez Key Apt. 792
Joannafurt, DC 98966"
Kerry,Kerry123,692351,4870212976539981,357,06/27,"806 Davis Trafficway
Mendezchester, ME 76928"
Robin,Robin123,304940,4730310155191374,335,05/30,"7172 Alexis Inlet
Dannyton, WA 19950"
Christopher,Christopher123,499205,4587702121404788,402,04/25,"8261 Morrow Canyon
Jasonfurt, PR 38817"
Paul,Paul123,701551,4589121439759528,579,11/23,"3786 Sarah Flat Apt. 116
Mosesview, MT 96914"
Norman,Norman123,859181,4590865584948628,469,06/23,"595 Leah Track
Carrborough, DC 49481"
Linda,Linda123,525040,4491820204105489,978,03/24,"7725 Joshua Ville
Marshstad, WY 35615"
Elsie,Elsie123,116627,4906132240288595,926,01/25,"Unit 3670 Box 3268
DPO AP 47843"
Jennifer,Jennifer123,335962,4407319190623137,451,08/27,"PSC 3197, Box 2944
APO AP 20830"
Kimberly,Kimberly123,194137,4795239994282189,310,08/27,"951 Knight Rapids
Bryantmouth, VT 89394"
Brad,Brad123,618465,4134893460050080,357,05/30,"8649 Raymond Stravenue
Matthewfurt, ND 51351"
Ashley,Ashley123,213195,4894244568409796,461,08/25,"USNS Jones
FPO AP 14874"
Nelson,Nelson123,647325,4121969020981728,521,10/23,"1132 Garcia Terrace
Port Kristinborough, WI 58544"
Irene,Irene123,744685,4614546065327035,793,11/32,"449 Mclaughlin Extension
Kathrynchester, MT 19210"
Gloria,Gloria123,480260,4919118811037342,730,12/23,"PSC 3599, Box 4529
APO AP 60742"
Margaret,Margaret123,655568,4282301642703170,828,02/26,"2280 Allen Loaf Apt. 865
West Jamesland, GU 17463"
Virginia,Virginia123,722912,4037487861112561,588,09/31,"44387 Kimberly Forest
Medinaview, AL 38987"
Christopher,Christopher123,500175,4357399474339154,554,02/30,"2273 Sandra Estate Suite 985
Nicholasberg, FL 15049"
Suzanne,Suzanne123,601520,4620067908163125,894,05/32,"59594 Dylan Shoals Apt. 714
South Craig, OH 33754"
Fredrick,Fredrick123,789370,4212554013082914,500,02/33,"USNV Hughes
FPO AE 32715"
Joseph,Joseph123,383712,4148036818905902,812,10/26,"688 Mark Cove
Andrewsberg, FM 74401"
Ronald,Ronald123,499862,4136029806142004,887,10/31,"6475 Miller Alley Suite 377
North Emily, NJ 60952"
Mario,Mario123,533357,4765517207319682,744,01/26,"USNS Williams
FPO AE 56824"
Stephen,Stephen123,669935,4758365100345944,558,03/26,"08444 Harris Pike
Richardsonton, TN 76071"
Nga,Nga123,662035,4236214860650824,656,09/29,"18690 Kristi Summit Suite 885
West Chelseafurt, WI 51514"
Cynthia,Cynthia123,578189,4095744177630531,840,03/24,"80551 Edward View Apt. 218
Port Hannah, VT 33264"
Kimberli,Kimberli123,119321,4875903966845900,271,08/23,"5605 Ann Street Suite 560
North Edward, SD 82383"
Charles,Charles123,191367,4423405695672495,213,06/30,"81583 Garrison Vista Suite 553
Port Duaneview, NC 32316"
Dustin,Dustin123,953900,4689732272329788,422,08/31,"11602 Chung Estate Apt. 314
Petersburgh, GA 71827"
Hester,Hester123,179503,4969951335348442,416,11/28,"USNV Mason
FPO AA 20278"
Thomas,Thomas123,796893,4990000057897161,426,01/29,"93146 Kenneth Mount
Port Christina, NH 10109"
Jan,Jan123,771212,4888563505233094,347,12/31,"5160 Tony Green Apt. 423
South Alison, WV 93825"
Franklin,Franklin123,685786,4839100250776157,448,11/30,"PSC 4823, Box 7888
APO AP 69036"
John,John123,377007,4469730170487845,604,08/28,"9750 Johnson Canyon Suite 481
Chavezburgh, NC 65259"
Herbert,Herbert123,565393,4300331897984827,192,11/26,"USNS Rice
FPO AA 01870"
Gregory,Gregory123,605373,4847396877284290,981,03/24,"3749 Martin Tunnel
Colonstad, MI 90735"
Harry,Harry123,721774,4895824894532897,971,10/30,"USS Saunders
FPO AE 95737"
Ronnie,Ronnie123,315678,4213214867176994,590,07/32,"128 Steven Streets
Kellyside, TN 26022"
Minnie,Minnie123,797330,4853319004997684,472,10/26,"052 Laurie Plaza Apt. 233
Adkinsborough, ID 85143"
John,John123,566285,4151135755760512,745,10/32,"825 Poole Spurs Apt. 122
Lake Julian, ME 70219"
Marjorie,Marjorie123,138602,4895229785532727,954,10/28,"0602 Peck Expressway
West Brandonbury, MS 75466"
Richard,Richard123,684437,4790648632312874,275,02/30,"50585 David Coves Suite 493
Lake Micheleberg, FL 93918"
Margaret,Margaret123,723553,4123101453695652,970,08/27,"0848 Anthony Street Apt. 219
South Robert, MA 25852"
Angela,Angela123,398747,4726590776217429,386,09/30,"92130 Jay Center Suite 061
Mariabury, WA 12477"
Sylvia,Sylvia123,758153,4561443985152359,195,12/31,"79581 Amanda Park Suite 685
North Justin, KY 63971"
Edna,Edna123,417661,4145887363401439,467,03/24,"751 Rodriguez Passage
East Brandi, MN 19379"
Francisco,Francisco123,982203,4885282786633368,346,08/25,"2858 Owens Viaduct Suite 889
Campbellton, OR 54759"
Edward,Edward123,520673,4148926496488462,373,12/31,"373 Garcia Track Suite 746
New Angieview, LA 05695"
Robert,Robert123,376348,4882867850663680,469,05/32,"0512 Jamie Point
Ricetown, TX 93215"
Eileen,Eileen123,737416,4976994002978407,431,09/23,"036 Petersen Street Suite 166
Nicholasmouth, NV 10795"
Larry,Larry123,589147,4461533986987737,762,12/26,"8044 Sarah Falls Apt. 629
South Vanessashire, RI 34374"
Justin,Justin123,323240,4245523285682223,850,01/32,"51246 Heather Summit
Lake Deanshire, GA 56266"
Harvey,Harvey123,586924,4328801557354022,309,05/26,"577 Cameron Corner Apt. 160
Williamsonmouth, DE 06272"
Beth,Beth123,152967,4067541537383601,855,12/31,"49115 Michael Center Apt. 710
Port Laurenstad, PA 57844"
Alice,Alice123,493862,4108498658794788,312,03/30,"Unit 0975 Box 4540
DPO AP 04015"
Robert,Robert123,501072,4748129394226290,406,08/32,"PSC 3101, Box 8241
APO AP 66795"
Sophia,Sophia123,958448,4670857795872005,450,09/25,"501 Taylor Wells Suite 944
South Virginia, PR 98778"
Julia,Julia123,577786,4932705788997558,286,01/27,"93080 Victoria Ports
Port Mary, VI 15177"
Kasey,Kasey123,733354,4808822893166218,751,12/26,"5784 Young Estate
South Ronald, VA 64752"
Mary,Mary123,639116,4688104612619222,314,05/29,"7880 Timothy Coves Apt. 603
Lake Alexandra, OH 46613"
Rodney,Rodney123,892335,4958840931441284,965,11/31,"3320 Hernandez Flats
Morrismouth, KY 02500"
Anna,Anna123,154583,4727496770274318,143,07/25,"038 Brian Plaza
East Douglasland, GA 32085"
Reginald,Reginald123,144404,4134508608487537,700,12/23,"148 Miller Street
East Veronica, OH 93862"
Rhonda,Rhonda123,818723,4821153049430727,465,12/31,"677 Sarah Well
Tracymouth, DE 84871"
Erin,Erin123,208247,4171793283614118,427,03/24,"40753 William Ramp Suite 005
New Jill, NE 14538"
Charles,Charles123,818705,4124289090620966,226,11/25,"64712 Jennifer Ferry
Millerville, MP 74058"
Celia,Celia123,404888,4566853663864973,751,01/25,"851 Ward Spurs
North Breanna, AZ 89878"
Elizabeth,Elizabeth123,666186,4282428384832071,800,01/33,"79637 Nicholas River Apt. 504
Everettchester, CO 14942"
Rose,Rose123,308507,4868596980313415,176,01/32,"411 Kayla Lakes
East Abigail, VT 81348"
Mark,Mark123,898747,4314946241049045,670,07/30,"85258 Zachary Trafficway Suite 437
South Baileyport, NH 66678"
Jason,Jason123,316975,4613029196762892,977,04/25,"2452 Debbie Port Apt. 684
Josephberg, MP 32536"
Maria,Maria123,115642,4069776401403832,851,04/29,"1334 Boyd Junctions
Port Elizabethbury, AL 39144"
Laurie,Laurie123,601390,4388829207657954,377,03/29,"78895 Susan Keys Apt. 095
Port Jenniferville, HI 32930"
Frank,Frank123,679483,4024104776319737,984,03/25,"357 Lisa Gateway
North Johnfort, PA 82458"
Christian,Christian123,450570,4347342637341892,249,08/28,"3208 Samuel Junctions Apt. 441
West Davidberg, ME 04091"
Roy,Roy123,221126,4703071842846654,980,02/33,"8542 Flynn Drive Apt. 905
West Danielle, MA 02436"
Martha,Martha123,234129,4289811627975547,528,03/32,"46550 Bean Parkway
Johnton, FL 22943"
Carmel,Carmel123,899162,4969989719250628,343,01/27,"8479 Montgomery Crossroad Apt. 624
Lake Sara, UT 23930"
Alexandra,Alexandra123,990770,4485659790001811,491,03/24,"451 Bradshaw Ville Apt. 768
Beckview, AK 01046"
Robert,Robert123,513636,4847143859287358,183,04/28,"54391 Fields Key
Andreaside, AZ 23336"
Joshua,Joshua123,423898,4256004368168535,616,11/24,"1572 Christopher Ville
Wilsonfort, AL 66217"
Stephanie,Stephanie123,957058,4528957166583019,729,05/29,"798 Bonnie Parkways Apt. 028
West Sarah, NC 71773"
Vivian,Vivian123,237824,4763672535848902,854,08/27,"227 Nash Via
South Hannah, OK 70553"
Jose,Jose123,847226,4976460829780343,628,12/27,"500 Crystal Corners
Danielview, ME 86744"
Ralph,Ralph123,928908,4138841661291066,431,02/31,"47609 Briggs Parkways
East Timmouth, VT 42280"
Ryan,Ryan123,801452,4322114659815429,658,10/32,"58316 Robert Harbors Suite 536
Port Brianberg, NC 25131"
Kenneth,Kenneth123,571065,4444186792752894,616,08/24,"3943 Hernandez Ridge
Castroland, DC 49782"
John,John123,805987,4776474908019640,495,02/24,"180 Beth Expressway
Lake Tanya, NV 38129"
Peter,Peter123,891989,4718248267301596,286,02/25,"016 Martin Mills Suite 595
Martinezfort, AR 62095"
Ruben,Ruben123,627495,4677445804127018,631,09/27,"36168 Cynthia Tunnel Apt. 660
Lake Jessica, PW 12143"
Stephanie,Stephanie123,844361,4265585954297711,183,03/25,"37173 Goodwin Courts
Meadowsburgh, IA 45475"
Richard,Richard123,189614,4071022263624538,823,03/25,"12366 Schaefer Court
Port David, OK 43604"
Robert,Robert123,364717,4102181191303418,725,12/24,"107 Davidson Creek
West Jeffrey, PA 92516"
Jeffrey,Jeffrey123,663697,4397530933965385,306,07/28,"51364 Harris Lane
South Patriciashire, IN 08244"
Pearl,Pearl123,440199,4641236086660955,176,08/28,"83484 Heath Points Suite 476
South Stephanie, CO 23003"
Stephanie,Stephanie123,593409,4237330394858649,946,02/31,"Unit 2516 Box 4718
DPO AE 85227"
Suzanne,Suzanne123,122175,4355244881722950,586,02/25,"2414 Casey Garden
West Harold, DC 31001"
Jill,Jill123,781834,4966960855855937,398,11/32,"45878 Stewart Corners
Lake Bettybury, AL 24337"
Karen,Karen123,286164,4217051237583384,740,12/25,"9657 Jones Forks
North William, MH 17399"
Norma,Norma123,287378,4755545695028673,637,08/26,"31560 John Spurs
Wendymouth, VI 75832"
Shana,Shana123,609614,4722802152843809,452,03/27,"17848 Morris Mountains
Port Brittany, ID 23260"
Donna,Donna123,496412,4791823539916163,667,07/27,"67122 Melissa Trafficway
Lake Cherylport, ID 34167"
Beatrice,Beatrice123,879853,4376293199279505,546,10/29,"4895 Savannah Valleys
South Amandaport, OK 79334"
Bobby,Bobby123,798235,4929632673115382,582,04/30,"1433 Hammond Green
Abigailfort, WY 86982"
John,John123,384421,4468004850738708,793,11/23,"704 Katelyn Roads Apt. 698
Port Samuel, NE 84508"
Michael,Michael123,322732,4811939151966314,755,11/26,"51982 Sandra Run
West Danielleport, FM 11861"
Lizette,Lizette123,835496,4639123854186807,962,05/24,"335 Zachary Fort Suite 960
Lake Christophertown, IA 13584"
Chris,Chris123,966471,4599332566372013,252,10/32,"4497 Mark Loop
North Teresa, OH 94637"
Peter,Peter123,412585,4967938358678542,739,08/29,"Unit 2960 Box 5584
DPO AP 30869"
Claudia,Claudia123,562272,4972373617572422,272,12/26,"414 Sanchez Grove
Sharonmouth, PW 21226"
Brian,Brian123,832590,4468884524309311,662,08/31,"4546 Baldwin Point Suite 279
Aprilbury, AR 09084"
Patricia,Patricia123,849834,4820477274981331,146,12/24,"42491 David Mews
Christinatown, PW 35448"
Ivory,Ivory123,663283,4391501126987631,184,04/26,"38761 Michael Freeway
East Jonathan, HI 16277"
Teresa,Teresa123,909609,4667199834985661,841,11/23,"47483 Connie Vista Apt. 668
West Brandonfort, MP 55735"
Willis,Willis123,873552,4210348884111858,835,01/25,"826 Tina Pass Apt. 598
South Ashleyview, WV 01505"
Kenneth,Kenneth123,188332,4324089911069429,656,03/23,"0508 Wilkins Vista
Petersonstad, NC 28370"
James,James123,788525,4073317191014069,645,08/23,"PSC 2389, Box 2484
APO AA 24168"
Kent,Kent123,356925,4561646320570297,757,08/24,"410 Olson Center
East Kristinabury, NM 27174"
Rodney,Rodney123,536056,4904862416097444,739,08/31,"09328 Stephanie Plaza Suite 236
Masonmouth, FM 56853"
Aaron,Aaron123,610198,4465531517589309,785,02/33,"461 Collins Camp
New Rebekah, MO 98546"
Scott,Scott123,794059,4416880692270478,618,11/29,"73075 Gibbs Cliff Apt. 920
North Lauraville, AS 24283"
Loretta,Loretta123,206993,4796097927396958,139,03/24,"257 Joseph Park
West Michaelmouth, ID 91358"
Carolyn,Carolyn123,867591,4561231184555922,958,08/23,"6695 Kerry Extensions Suite 902
Teresafurt, MI 18823"
Ronald,Ronald123,732658,4264165414811434,714,11/30,"017 Laura Vista Suite 484
Port Jasonburgh, PR 37617"
Michael,Michael123,869801,4599497040530393,331,11/31,"873 West Flat
Mitchellbury, IA 98981"
Emma,Emma123,163103,4638886730323585,777,11/32,"034 Chad Hill Apt. 810
Jameschester, GU 50834"
Richard,Richard123,100830,4756806608363998,836,12/32,"9812 Angela Ports Suite 355
Hawkinsport, MS 15964"
Brenda,Brenda123,858491,4932352813002342,963,12/31,"894 David Fields Apt. 403
East Walterbury, UT 91687"
Daniel,Daniel123,894735,4184238080685775,358,09/29,"49685 Emily Stream
Kevinland, DE 03331"
Charles,Charles123,931624,4207736702629579,383,11/23,"339 Dennis Islands
Kelleyton, AK 47236"
Magdalena,Magdalena123,784230,4622191419225146,413,04/24,"22887 Turner Gateway
Richardborough, AR 37686"
Danielle,Danielle123,952917,4462660542702166,209,06/27,"6936 Medina Spur Suite 243
Brianshire, AS 24634"
Annette,Annette123,628164,4727141566786394,259,05/31,"9831 Edwin Keys
Michellefurt, WV 32547"
Diane,Diane123,725299,4497820629783658,636,01/31,"017 Kelley Circles
Danielton, MS 53199"
Michael,Michael123,991769,4918239435949372,905,04/23,"85754 Michelle Wall
Jenniferview, AK 40893"
William,William123,247532,4064075953151799,969,07/32,"6978 Tammy Locks Apt. 146
Perezhaven, MI 32257"
Cheryl,Cheryl123,554532,4499669794596553,295,03/25,"914 David Villages Apt. 299
North Lisa, ND 51694"
Michael,Michael123,669201,4675444627649631,656,02/27,"5973 Douglas Track
New Royside, FL 35575"
Katherine,Katherine123,369754,4013611250526226,729,08/23,"14581 Robert Square
New Jasonchester, PW 97466"
Meryl,Meryl123,351652,4127401685462681,197,09/29,"5414 Miller Loop Apt. 235
South Angelabury, ND 31999"
Michael,Michael123,905809,4125076439355217,348,02/24,"5383 Christopher Drives
Ashleymouth, CO 98018"
Travis,Travis123,428004,4453825323647291,234,03/32,"109 James Ridges
West Margaret, TN 64766"
Jessie,Jessie123,835480,4124249742370535,195,07/23,"75736 Taylor View Suite 446
South Kylefurt, MN 77549"
Felix,Felix123,395406,4518784097028662,103,09/32,"8231 Christopher Lane Apt. 080
Lake Xavier, KY 98319"
Michael,Michael123,584932,4945750497312009,261,03/30,"692 Chen Plaza
North Curtisview, UT 65031"
Hazel,Hazel123,596565,4340741145908877,471,07/26,"9717 Crystal Vista Apt. 239
South Aaronburgh, MI 54731"
Joseph,Joseph123,407354,4296084513091073,940,08/24,"724 Hudson Forges
Lake Donaldfort, DC 90260"
Alissa,Alissa123,720073,4829887656280428,371,06/28,"2141 Molly Course
Lake Jaime, MS 06858"
Jo,Jo123,195724,4001403469835133,166,04/23,"93938 Carey Isle Apt. 637
Tylerhaven, AS 95241"
Brad,Brad123,525851,4463067827249872,614,05/24,"22049 Dana Dale
Donaldstad, VT 31625"
April,April123,389670,4717273635726010,728,08/30,"127 Dawn Creek Apt. 677
Thompsonland, DC 38537"
Amalia,Amalia123,116507,4988819526291183,638,12/32,"Unit 4299 Box 3643
DPO AP 31106"
Katherine,Katherine123,351955,4209823370877629,923,02/33,"8954 Elizabeth Loop
North Lorifort, CA 42611"
Melody,Melody123,351393,4958210269981436,555,06/27,"PSC 4109, Box 6900
APO AA 73172"
Jon,Jon123,823907,4258715075025423,568,12/25,"567 Martin Mountains Suite 923
New Michaelland, WA 09496"
Juanita,Juanita123,588475,4825843521070571,350,01/32,"638 Bowen Mill
Davisfort, FM 45950"
David,David123,609559,4345211702149765,169,11/25,"52031 Davis Centers
Port Ivan, IL 76898"
Anthony,Anthony123,463937,4586253193006094,316,08/32,"254 Emily Forest Apt. 962
Suarezbury, WY 82160"
Jamie,Jamie123,847348,4226514513135483,153,03/33,"1351 Gonzalez Burgs
Lake Patrickfurt, RI 43491"
Frank,Frank123,766280,4139797505089273,516,11/26,"49949 Murray Way Apt. 651
East Nicoleborough, FL 34764"
Traci,Traci123,495174,4020384651169738,291,08/23,"518 Fitzgerald Street
Lake Jennifer, NJ 99418"
David,David123,938156,4621778845560707,589,03/23,"9993 Sandra Land
Sparksberg, LA 09752"
Chester,Chester123,233768,4972879059390644,778,10/27,"Unit 4034 Box 0087
DPO AP 81184"
Guy,Guy123,406498,4787073105730335,990,03/26,"2302 Lauren Avenue Suite 903
Crystalchester, DC 64986"
William,William123,307503,4270274934193323,750,07/30,"727 Butler Shoals
South Reneehaven, FM 34219"
William,William123,807689,4316280515606746,950,03/26,"82019 Thompson Pine Apt. 251
Port Josemouth, NC 40268"
Brian,Brian123,485887,4775878152208058,943,09/24,"39015 Christopher Views Suite 399
Hamiltonhaven, WV 95688"
John,John123,781732,4432864609788079,361,12/29,"USCGC Hill
FPO AA 98090"
Corrina,Corrina123,342557,4425195337548140,465,10/29,"968 Gomez Lock
Lake Laurenside, ID 26922"
Frederick,Frederick123,140698,4867750620558506,838,12/32,"Unit 0460 Box 2565
DPO AA 19090"
Michelle,Michelle123,520844,4076418214397668,755,10/32,"6293 Rachel Inlet Suite 623
South Thomas, DE 09597"
Karen,Karen123,788417,4063476005832439,891,12/31,"28271 Lisa Shores Apt. 779
Clarkfort, MN 76998"
Christie,Christie123,538829,4864354402511693,647,02/26,"1646 Flowers Crest Apt. 614
Schneidermouth, WA 92892"
William,William123,914728,4062573596939960,704,02/33,"5929 Johnson Run Apt. 390
Jamesstad, MT 66649"
Pamela,Pamela123,961746,4598687489037055,490,09/27,"8660 Smith Viaduct
Grayfurt, MH 85515"
Robin,Robin123,662251,4092269675415816,782,05/27,"95534 Massey Mill
Heathermouth, MS 46607"
Harlan,Harlan123,478833,4735990412358083,288,06/32,"4426 Lydia Walks
Finleymouth, AR 07724"
Alfred,Alfred123,423867,4082500373515818,998,02/27,"122 Mcclain Mall Suite 792
Lake Jill, ME 36979"
Launa,Launa123,574610,4940629551351712,746,11/24,"286 Patricia Drive
Natashamouth, GA 89761"
Laura,Laura123,898600,4503915962178144,457,07/27,"4924 Delgado Prairie Apt. 413
East Karen, ID 04464"
Andrea,Andrea123,999551,4880885817965271,301,09/26,"41762 Megan Villages
Hansonchester, HI 27559"
Rosemary,Rosemary123,582921,4856791106635619,263,04/31,"Unit 8664 Box 6183
DPO AP 96100"
Cory,Cory123,894360,4194435279682906,567,11/23,"77010 William Squares
North Matthewfort, LA 74664"
Benjamin,Benjamin123,147538,4025587961362919,332,12/26,"06939 Weaver Path Apt. 475
Reginaldville, CT 45589"
Clarence,Clarence123,684450,4478802630144586,285,06/27,"1136 Cline Island Apt. 456
Tristanbury, ND 24830"
Julienne,Julienne123,127508,4922404398403478,368,10/25,"5492 Baird Springs Suite 792
Millschester, AK 16295"
Charles,Charles123,179304,4987956507097139,558,10/28,"Unit 5625 Box 3867
DPO AP 58483"
Edward,Edward123,676775,4824952326478326,932,12/25,"073 Sandra Summit Apt. 296
East Leslie, MN 77870"
Patricia,Patricia123,706063,4626824049704421,689,07/32,"19517 Jennifer Loaf Suite 841
Port Shannonside, WY 91469"
Martin,Martin123,335689,4964244590520672,734,04/32,"7044 Harris Shoal Suite 248
Lake Tracy, AS 47537"
Robert,Robert123,363885,4784116037277728,438,05/26,"0208 Stephen Knoll
Greenstad, MN 55078"
Erica,Erica123,672739,4084384043146678,732,01/28,"USS Crawford
FPO AE 82719"
Katherine,Katherine123,949707,4554577162126857,827,05/28,"54682 Oconnell Mill Suite 542
Johnview, LA 83064"
David,David123,872106,4503919122928026,989,01/27,"2710 Williams Views Apt. 428
New Christopher, CA 90251"
Megan,Megan123,470202,4398134934031682,787,01/33,"61967 Antonio Way Suite 660
New Angelaland, NE 65018"
Maria,Maria123,313028,4139586667789055,588,04/23,"63975 Tina Village Apt. 825
Yoderport, KY 26384"
Sarah,Sarah123,507115,4088414458361318,150,12/23,"93511 Schmidt Ferry Apt. 396
Phillipston, IL 98515"
Loraine,Loraine123,648047,4296689288359875,528,02/31,"6263 Audrey Branch Apt. 061
Kathrynton, UT 90381"
Richard,Richard123,692530,4408079654994254,299,06/29,"2340 Jeffrey Courts Suite 333
Loveview, VA 05845"
Carl,Carl123,120171,4398113014621448,564,01/33,"0354 Sarah Drive
Lake Justin, AK 20771"
Jason,Jason123,754412,4298167802211714,669,01/28,"PSC 9861, Box 5088
APO AP 89041"
Marcus,Marcus123,346694,4150191720371936,556,03/25,"753 Gibson Mountains
Josestad, IN 19725"
Tyler,Tyler123,325575,4174185677014392,191,09/23,"5427 Diane Groves Suite 981
Rhodesmouth, VT 28511"
Kimberly,Kimberly123,553681,4645045494127994,139,01/26,"7374 Michael Mill
Lake Michael, WI 78173"
Shirley,Shirley123,866621,4409305286764172,694,11/28,"5993 Davis Tunnel
Port Claudia, WY 04287"
Pearl,Pearl123,714505,4764820765181762,473,01/24,"USCGC Sosa
FPO AE 79670"
Jack,Jack123,216248,4228885137046761,452,12/26,"98170 Adam Lodge
East Brianton, DC 97548"
Justin,Justin123,917775,4130533176971450,757,03/26,"0695 Riley Flats
South Phillipmouth, KS 06118"
William,William123,959138,4552500830254622,251,10/24,"0397 Fields Falls
South Mary, IA 34301"
Walter,Walter123,742321,4265166921252566,485,10/25,"9385 Anthony Neck
Thomasburgh, ND 61646"
Linsey,Linsey123,175829,4203466182961557,920,11/29,"USNS Vargas
FPO AE 72714"
James,James123,191666,4233269154212163,439,12/28,"76952 Evans Crest
New Robertberg, OH 61658"
Diane,Diane123,423408,4413599591753839,360,07/32,"5751 Weber Tunnel
Jonathanchester, UT 45036"
Gloria,Gloria123,323027,4634267495887730,343,04/29,"7809 Allison Stravenue
West Susanshire, DE 43604"
Donna,Donna123,207026,4517139935691356,539,04/30,"8066 Michele Islands Suite 153
Snydermouth, TX 72012"
Linda,Linda123,849797,4297257376975678,858,09/30,"390 Daniel Junction
North Taylorberg, VI 70653"
David,David123,468183,4833555852663515,872,10/27,"828 Eric Mission
East Carly, GU 79794"
Jerome,Jerome123,694373,4594884630886183,102,07/27,"2449 Jennifer Knolls
Jeffreyshire, UT 16591"
Jonathan,Jonathan123,140891,4411940004093763,413,12/25,"USS Dominguez
FPO AA 49886"
Jimmy,Jimmy123,320585,4059686613781416,858,11/24,"311 Byrd Harbors
West Sandrabury, MO 08488"
Winston,Winston123,143982,4738545184602154,193,01/29,"PSC 1302, Box 9387
APO AE 04824"
Teri,Teri123,855699,4764907307053722,990,04/30,"343 Martinez Throughway
New Stephaniehaven, MO 97857"
Erik,Erik123,261846,4474760085816294,322,05/30,"PSC 8403, Box 7889
APO AP 95293"
Nancie,Nancie123,960790,4409102499080532,218,03/26,"903 Michelle Lodge Apt. 910
Coxport, MT 47278"
George,George123,994764,4719123781800804,763,06/31,"449 Christensen Walk Apt. 781
Parkview, WV 04677"
Adam,Adam123,146068,4296934601401412,695,08/27,"PSC 8895, Box 8244
APO AP 69379"
Mary,Mary123,115430,4040570494764018,792,12/28,"383 Wright Ferry Apt. 621
Lake Shelby, KS 22253"
Adrienne,Adrienne123,697958,4534019806344963,951,04/28,"70808 Jeremy Freeway Suite 581
New Keith, OR 15536"
Penny,Penny123,468283,4978654265400410,796,07/25,"7513 Frederick Square Apt. 967
Castillofurt, MN 51453"
Theodore,Theodore123,939361,4592553283580755,327,12/30,"530 Paul Garden Suite 001
Kristopherbury, NJ 04875"
Walter,Walter123,627782,4256328643931221,743,09/30,"073 Flynn Brooks
Lyonsfort, SC 49161"
George,George123,884634,4776561047280875,384,12/28,"14159 Singh Lodge Apt. 730
Cervantesbury, CT 17533"
Douglas,Douglas123,848352,4453901182523632,708,12/32,"299 Andrews Crossing
Joelstad, NM 79971"
Jacqueline,Jacqueline123,468612,4171585046923327,494,05/25,"770 Haley Mews Suite 146
North Gabriel, LA 27542"
Felipe,Felipe123,126687,4082671789308989,195,08/26,"70815 Rebecca Parks Apt. 242
New Debraport, ND 57518"
Grace,Grace123,335107,4230230782492877,748,12/25,"8694 Nelson Causeway Apt. 490
New Scottmouth, AZ 86606"
Barbara,Barbara123,457876,4670455354564202,884,06/31,"1857 Steven Spurs Suite 120
North Alexander, SD 19599"
Mary,Mary123,631978,4074150552522100,223,12/24,"653 Nelson Inlet Apt. 767
North Harry, GA 12144"
Ian,Ian123,247693,4300584164887038,354,10/26,"281 Dustin Ville
West Joyce, CT 09378"
Otto,Otto123,706266,4306270973086590,218,03/31,"USS Price
FPO AE 89161"
Robert,Robert123,649284,4507965216327894,844,12/30,"07739 John Way
New Ericport, MS 57867"
Jose,Jose123,982656,4538085234680357,394,08/31,"3200 Hendrix Court
Michelletown, OR 39434"
Dennis,Dennis123,940925,4091177917295675,645,09/31,"USCGC Moss
FPO AA 38371"
Michael,Michael123,459538,4619629266576082,602,03/29,"732 Watson Center Apt. 320
Kennethmouth, KY 83831"
George,George123,266964,4056712764602475,455,11/25,"7039 Adam Fields Suite 542
Wellschester, MO 34694"
Karen,Karen123,104807,4954274174538099,917,02/27,"294 Cain Glens
North Marisaborough, CO 15466"
Janine,Janine123,760006,4065592773221007,555,09/23,"68538 Kim Valley Suite 667
Port Tabithaville, CT 42908"
Elton,Elton123,503689,4587051011140148,175,04/28,"336 John Crossing Apt. 666
Morganfurt, ND 48552"
Andrew,Andrew123,978518,4557328229687706,918,01/33,"7036 Faulkner Cliff
Lake Anthony, AK 67257"
John,John123,139592,4742384550386430,479,08/24,"05219 Kent Harbors Apt. 889
Lake Joseview, GA 30435"
Anthony,Anthony123,637928,4031726213932523,317,03/23,"67237 Adams Crossroad
Obrienview, KS 88367"
Brenda,Brenda123,817753,4274889197231241,380,04/32,"65740 Christopher Camp
New Seanshire, TX 92550"
Audra,Audra123,189895,4058870583964191,654,06/32,"51535 Reeves Shoal Apt. 453
Dillonport, VA 39623"
Christopher,Christopher123,338270,4375903792270625,678,08/23,"Unit 2996 Box 2904
DPO AA 12009"
Kenneth,Kenneth123,108316,4488269490037904,318,06/28,"83127 Michael Ports
East Tanyafort, HI 19157"
Douglas,Douglas123,208041,4598187938662199,766,07/32,"04561 Ortiz Drive Apt. 179
Lake Kimberlyhaven, PW 11535"
Sophie,Sophie123,723462,4280676959660788,189,06/31,"310 Christopher Views
New Chrisport, RI 05235"
Bonnie,Bonnie123,546928,4892058012775665,494,02/32,"95226 Medina Streets Suite 750
East Henry, ID 04312"
Tony,Tony123,608772,4542463437578575,778,01/25,"420 Tiffany Ways
New Natalieland, NC 20989"
Sylvia,Sylvia123,999820,4621464242887452,485,12/26,"087 Orozco Village Suite 393
North Andrea, AZ 38806"
Edward,Edward123,605343,4153197237691879,142,08/27,"USNV Brown
FPO AE 36895"
Sierra,Sierra123,968877,4642736802641857,465,03/25,"80667 Contreras Key Apt. 261
Lisatown, MH 82078"
Maxine,Maxine123,701291,4789339164026784,857,10/25,"8353 Collins Rapids
New Robertstad, LA 67865"
Darla,Darla123,439373,4590629897746727,585,10/32,"22151 Phillips Ridge Suite 831
Jamieberg, SD 46603"
Samuel,Samuel123,815884,4040228880622676,310,04/26,"76042 Savannah Point Apt. 439
Lake Ryan, NC 15380"
Susan,Susan123,570820,4507036755211111,855,10/23,"58646 Timothy Tunnel
East Marymouth, ID 12705"
Jean,Jean123,962316,4621843509166793,576,02/32,"8991 Ramirez Road Apt. 974
Hammondview, TN 69345"
Maria,Maria123,655244,4822626869254078,509,09/30,"18944 Parrish Grove
South Michaelshire, CO 42270"
Ralph,Ralph123,827478,4666603778167062,253,10/27,"860 Ronald Centers Apt. 842
Port Johnton, KS 93645"
Jon,Jon123,155851,4504067938521723,856,08/31,"45268 Tucker Corners Apt. 019
Lake Noahberg, MO 20821"
Stanley,Stanley123,792083,4672425286246598,136,07/26,"2069 Ryan Common Apt. 576
West Daryl, IL 63268"
Edwin,Edwin123,922894,4028734281458418,773,01/27,"1747 Simpson Mountain
North Patricia, AR 49202"
Margarita,Margarita123,789054,4081583849465462,645,03/27,"54300 Daniel Curve
Alexanderport, IA 45661"
Israel,Israel123,920875,4726886782211145,181,05/32,"4827 Joshua Port
Meganshire, IN 19149"
Stanley,Stanley123,569659,4785188261141218,182,08/29,"909 Marissa Square Apt. 526
New Amy, LA 82302"
Tamara,Tamara123,474700,4397845162811849,450,07/29,"8396 Morrison Estates
Port Christinaburgh, KY 26638"
Edna,Edna123,267825,4643283942237451,662,02/25,"249 Beverly Parkways Apt. 311
East Haleyborough, NM 58310"
Geraldine,Geraldine123,809607,4961840223592328,451,02/24,"56162 Moses Curve Suite 103
Williamsmouth, LA 42612"
Fernando,Fernando123,377313,4761620795111240,437,02/24,"3420 Yates Lodge
New Triciaburgh, NM 03466"
Cathy,Cathy123,965891,4613318104167801,225,12/26,"687 Jeffrey Rapids
North Roy, RI 27139"
Benjamin,Benjamin123,463302,4418012796779992,464,05/29,"869 Ball Isle
Kennethstad, WV 42291"
Eli,Eli123,858406,4876700159990090,411,12/23,"1997 Lori Ranch
East Melanie, SC 09636"
Elizabeth,Elizabeth123,158355,4102658727809117,649,06/28,"759 David Rue Apt. 322
South Tiffany, AK 32042"
Regina,Regina123,734654,4658662968620892,364,07/32,"USNV White
FPO AE 16907"
Shannon,Shannon123,270895,4318549327274234,725,08/31,"USS Welch
FPO AA 42731"
John,John123,137502,4679663414073947,290,03/30,"582 Donald Road
East Jacqueline, CO 27002"
William,William123,240345,4461195978049528,156,04/29,"760 James Prairie
Elizabethland, IL 31562"
Tyron,Tyron123,107665,4771888117673902,477,08/32,"8255 Morton Via Suite 508
North Mauriceshire, TX 10877"
Raymond,Raymond123,477065,4291631691397030,535,04/30,"68297 Randy Field Apt. 611
Smithton, OK 41757"
Brianne,Brianne123,593604,4097552870933914,781,12/29,"51254 Greer Mount Apt. 345
Laurieberg, SC 50488"
Rosetta,Rosetta123,967969,4307234348347623,853,10/26,"4279 Ortiz Burg Suite 224
Eugeneland, ME 23045"
Albert,Albert123,658199,4882178157076679,751,06/29,"49452 Mathis Tunnel Suite 203
Port Amyfurt, NM 75433"
William,William123,204403,4172386314696631,949,03/23,"91058 Kenneth Underpass
Lake Brittany, NM 86912"
Sherwood,Sherwood123,790281,4130680021922822,690,08/29,"884 Christopher Mill Suite 671
Carterland, CA 17794"
Jeffrey,Jeffrey123,390196,4510389055107298,338,07/26,"91950 Wright Viaduct
Lake Hayley, AL 16083"
Lisa,Lisa123,503681,4543730734971177,334,11/24,"59090 Holmes Forges
Port Samanthahaven, FL 25619"
Maxine,Maxine123,123657,4864305767760812,180,09/32,"4575 Jennifer Inlet
Lake Christianside, MO 90506"
Ashley,Ashley123,500723,4195987020195454,807,01/27,"0803 Ricky Club Apt. 060
New Brendaburgh, AZ 34873"
John,John123,299413,4287689540560980,663,05/26,"951 Jacqueline Gateway
Bradleyville, UT 16143"
Michael,Michael123,481924,4693252560932015,694,11/25,"9287 Brittany Curve Suite 374
Lake Angela, IN 10733"
Morgan,Morgan123,755158,4059976480279812,734,02/28,"19307 Rice Rapid
Craighaven, OH 17636"
Billy,Billy123,868736,4896683305632780,290,02/24,"990 Sarah Haven Apt. 229
North William, NV 08555"
Tessa,Tessa123,825496,4672643780254062,925,12/24,"0018 Norman Isle
East John, TX 35477"
Leann,Leann123,169990,4062186074392683,845,08/25,"20302 Sandra Island Apt. 263
North Scottbury, AZ 85767"
Albert,Albert123,806468,4066062968695497,556,07/27,"64580 Jackson Center Suite 353
East Lisa, IN 67058"
Frank,Frank123,596415,4982255988787416,708,10/25,"999 Timothy Causeway Suite 955
Shannonfurt, ID 37343"
Adam,Adam123,777185,4735025331409715,222,01/32,"1259 Cameron Crescent Apt. 181
Watsonberg, WY 55463"
Mary,Mary123,692472,4763243456525927,871,08/28,"70618 Wilkins Estate
East Rachel, IN 17911"
Paul,Paul123,263510,4456546183791022,592,03/29,"921 Dylan Glens
Ryanchester, GA 14773"
Marvin,Marvin123,935193,4823820773313968,256,05/27,"923 Wilkerson Valley
South Pamelabury, NV 12216"
Pamela,Pamela123,265051,4197693758204801,400,04/29,"6782 Boyer Oval Suite 136
New Toddstad, MD 62505"
Cristopher,Cristopher123,999580,4047402300540445,616,09/27,"4917 Jason Summit Apt. 771
Lake Yolanda, MN 91237"
Louise,Louise123,424615,4741884867466420,584,01/30,"447 Farmer Vista Apt. 462
Justinside, WA 99303"
Michael,Michael123,989124,4968463376250512,353,09/30,"589 Eric Drive
Lake Dawn, VI 38272"
Mitchell,Mitchell123,884039,4599873711063148,138,01/32,"05518 Smith Lodge Suite 431
South Aprilside, KS 43328"
Larry,Larry123,411567,4882731890039014,889,03/28,"Unit 3241 Box 6069
DPO AP 41630"
Shelia,Shelia123,866747,4965905703250840,298,02/33,"5210 Avery Avenue
Dakotaborough, ND 98685"
Paul,Paul123,785492,4683908530445071,794,11/24,"23930 Larry Hill Suite 878
Lake Antonio, MA 71542"
Douglas,Douglas123,664069,4475547482242029,932,01/27,"717 Julie Ridge
Amandaberg, MH 55367"
Mattie,Mattie123,393447,4440504675454293,117,01/33,"4917 Clarence Rapids Suite 218
Heatherbury, NC 61162"
Ronald,Ronald123,582325,4189325837774476,384,06/27,"297 Perry Wells Apt. 733
West Erinfort, VI 27176"
Lydia,Lydia123,544228,4425693081770480,915,01/24,"8665 Christine Gardens
Smithfort, NY 17675"
Kathryn,Kathryn123,676644,4183447523351256,381,02/24,"902 Ann Row
Willieview, OK 25116"
Barry,Barry123,181412,4131415553751045,233,06/29,"14322 Lee Corners
Davenportshire, CA 50584"
Ralph,Ralph123,467203,4029927164480884,553,06/23,"4118 Philip Street Suite 658
South Thomasport, OH 53207"
William,William123,968426,4910094838495608,356,11/30,"2339 Flores Wells
Jeffreybury, WA 02561"
Jesus,Jesus123,410692,4570540546141190,637,02/25,"855 Thompson Park Suite 122
Hopkinsstad, NJ 02169"
Roger,Roger123,458778,4430888397037102,757,02/29,"010 Wright Stream
Port Megan, HI 57513"
Lisa,Lisa123,787778,4660839622216533,579,02/30,"9576 Joyce Mill
East Rhondaside, NC 37436"
Ralph,Ralph123,631692,4575824439676438,965,06/30,"47930 Gomez Neck Apt. 214
Bradleyport, CA 67793"
Linda,Linda123,147815,4981185554703144,473,09/26,"363 Shane Knoll Apt. 061
Port Patriciachester, VI 29028"
Alfred,Alfred123,766632,4711218342858610,185,04/27,"33400 Schultz Way Apt. 122
Jeffreyburgh, AL 45234"
Paul,Paul123,561531,4811819905510370,774,04/30,"31746 Jordan Drive
West Trevorstad, MS 57867"
Charles,Charles123,925704,4786235825551504,634,05/26,"10849 Cross Forks
Port Jaredmouth, HI 17976"
Scott,Scott123,741515,4673416715553257,259,09/23,"307 John Gardens
North Richardmouth, AL 09646"
Katia,Katia123,624738,4541656890847749,173,09/26,"Unit 8760 Box 1474
DPO AE 90048"
Walter,Walter123,796436,4437383747631203,480,04/27,"1795 Garcia Passage
Gaytown, CT 80406"
Wanda,Wanda123,786966,4392758052102929,706,08/26,"USCGC Alexander
FPO AE 64198"
Patricia,Patricia123,715802,4615853377321162,536,10/30,"122 Ross Field
East John, SC 07582"
Robert,Robert123,229843,4666877220818841,221,09/26,"83887 Warner Trafficway Apt. 542
Eriktown, SD 08638"
Justin,Justin123,815889,4348237790151774,387,10/23,"44370 Michael Grove
Martinezmouth, ME 72894"
Asia,Asia123,742063,4506823058809951,889,11/32,"940 Hopkins Lock
Mcintoshbury, SC 34142"
Catalina,Catalina123,851464,4957865369335527,966,08/23,"3118 Davis Trail Apt. 798
Meganhaven, IA 57987"
Jessica,Jessica123,634003,4526112962768750,403,07/24,"5407 Sarah Mall Suite 687
Leslieport, AK 03868"
David,David123,299827,4698713274978599,161,11/23,"5529 Tina Square Suite 459
Palmermouth, MT 53320"
Kimberly,Kimberly123,945962,4151494604798458,751,12/26,"679 Veronica Keys Apt. 635
North Michaelhaven, ID 18424"
Myron,Myron123,976872,4369021680567859,454,04/26,"USCGC Curtis
FPO AE 66874"
Desiree,Desiree123,603246,4640320575207964,249,01/27,"86072 Howell Land Suite 901
Lake Aaronfurt, TX 69890"
Jamie,Jamie123,752186,4258956895106510,215,06/26,"09672 Berry Terrace Apt. 562
Benjaminburgh, RI 38769"
Charlie,Charlie123,871747,4906049727310405,359,03/27,"78622 Lucas Isle Apt. 034
Nathanton, AL 63031"
Lori,Lori123,197757,4007118183445373,570,01/24,"1080 Christina Isle Suite 429
Andersonland, AZ 27013"
Jennifer,Jennifer123,580328,4281636452573523,409,03/31,"8751 Greene Lights Suite 462
North Candacehaven, IN 73607"
Daniel,Daniel123,496726,4631612834709934,601,09/30,"1979 Joseph Pines Apt. 264
West Jessicamouth, MI 76212"
Ernest,Ernest123,410964,4083826539258764,991,02/28,"4869 Nancy Hills
Bushport, MN 15845"
Lori,Lori123,730942,4734983000953671,304,02/33,"13201 Rebecca Plains Suite 141
West Edward, NJ 87454"
Stanley,Stanley123,914624,4774086715839861,533,03/30,"02942 Sonya Island Apt. 237
Bethanyfurt, LA 54828"
Regina,Regina123,723775,4499430001918167,329,08/30,"PSC 3075, Box 9272
APO AA 84319"
Joshua,Joshua123,439808,4658765923844760,759,07/32,"3478 Pamela Greens Apt. 653
East Richard, VA 98980"
Robert,Robert123,769203,4175198141446941,143,07/27,"4627 Jennifer Inlet Apt. 652
North Kristinaton, FM 55476"
Walter,Walter123,836162,4304916068329699,709,11/24,"5868 Howard Alley Suite 131
North Melindaborough, MT 19187"
Peter,Peter123,991759,4967716294337104,870,09/23,"675 Renee Landing Suite 434
Lopezchester, WI 50348"
Kathy,Kathy123,905802,4773337965388179,276,09/27,"23359 Angel Point Apt. 555
Port Paul, WA 51015"
Neva,Neva123,612208,4474024965951287,529,04/31,"8407 Duke Forest Apt. 974
South Davidfurt, ND 55858"
Henry,Henry123,966101,4162220156141848,282,09/29,"0582 Hahn Loop Apt. 905
Kathleenbury, KS 11572"
Rosalie,Rosalie123,453656,4951573189793174,685,07/29,"PSC 4800, Box 3720
APO AE 23337"
Ashlee,Ashlee123,352949,4184788139486658,342,03/23,"USNS Pena
FPO AP 59714"
Zachary,Zachary123,457087,4503234103218912,309,02/28,"827 Murphy Burg Apt. 751
Lake Lauraview, GU 29025"
David,David123,246196,4047480389531212,923,04/24,"443 Karl Plain
Nelsonton, NM 72980"
David,David123,708149,4408110734445924,943,10/31,"601 Roberts Trace Apt. 095
East Erinshire, MH 25020"
Andrew,Andrew123,133404,4080201264064576,193,09/23,"463 Barnett Center Suite 458
Halemouth, MS 32256"
Daniel,Daniel123,111540,4931186406497183,432,09/31,"5463 Rollins Canyon Suite 530
Kristyton, CA 32157"
Diana,Diana123,335288,4484818114963293,256,04/24,"152 Forbes Dale Suite 951
Nancyberg, WI 90338"
Mitchell,Mitchell123,468497,4661706388040358,392,06/29,"0345 Connie Views
Dennisburgh, LA 76665"
Norma,Norma123,291650,4142959974308700,578,11/32,"9129 Michelle Brook Suite 922
Michaelburgh, LA 61682"
Levi,Levi123,338101,4529424354805463,971,10/29,"76537 Jennifer Causeway
Scottchester, CA 90810"
Deborah,Deborah123,501578,4929344799369816,807,07/32,"42726 Johnson Radial Suite 130
Angelaport, OK 79021"
Daniel,Daniel123,409140,4352372489341999,790,01/27,"2602 Roberts Freeway
Jennifertown, FM 15651"
Cynthia,Cynthia123,319699,4887273887968926,245,05/23,"9536 Haley Neck Apt. 134
Christopherborough, PR 99815"
Dorothy,Dorothy123,394203,4869885368939019,113,12/23,"9361 Sharon Loaf
Port Richard, WV 59267"
Calandra,Calandra123,198476,4053554052381187,932,05/27,"573 Thomas Junction Apt. 285
Rachelmouth, MT 22258"
Peter,Peter123,632158,4274577883654087,862,02/32,"6111 Collins Key
South Pamelaland, VA 98595"
Steve,Steve123,714122,4546856319623748,332,03/23,"8382 Elizabeth Fall Suite 576
Johnside, AZ 65060"
Cynthia,Cynthia123,166457,4870347768048757,303,01/33,"942 Shannon Crossroad
New Michellechester, NV 31674"
Elodia,Elodia123,799361,4564556475049129,610,07/25,"81430 Perez Pike Apt. 565
Lauraborough, AS 27921"
Kevin,Kevin123,413692,4215754306563714,954,02/27,"797 Watson Plain
Clarkburgh, AZ 65630"
Tonya,Tonya123,735277,4611928452157436,470,12/28,"35865 Matthew Mills
Campbellmouth, MA 87809"
Teresa,Teresa123,722526,4305946214096636,759,07/30,"87752 Thomas Rue
South Carla, TN 32607"
Norma,Norma123,214580,4324813248607555,982,05/24,"71684 Johnson Lane Suite 470
Brianmouth, KS 13939"
Hazel,Hazel123,330155,4484446598550350,491,11/29,"0004 Daniel Land
North Rhondaport, MD 54220"
Kelley,Kelley123,686883,4675750306950011,463,09/30,"7430 Christopher Loop Apt. 397
New Charleschester, MP 10625"
Archie,Archie123,759568,4117097067852598,566,12/23,"31828 Brooks Valley Suite 491
North Daniel, WI 10863"
Michael,Michael123,369925,4352740002089412,571,07/27,"835 Williams Hollow Apt. 740
Trujilloville, MI 84763"
Rich,Rich123,913020,4893643835719252,367,09/30,"85242 Lee Throughway
Port Jameshaven, MN 16606"
Derrick,Derrick123,253985,4453684838434483,318,03/28,"265 Jeffery Causeway Apt. 020
West Matthewborough, AL 01525"
Joshua,Joshua123,282233,4842437361887993,662,04/29,"7591 Monique Gateway Apt. 922
New Melissa, ND 15605"
Richard,Richard123,361465,4229794126264790,666,01/32,"09361 Bailey Mountain
Jeffreyborough, ND 12834"
Arlene,Arlene123,124824,4028056902827254,259,10/25,"151 Gabriel Mission
Wallacehaven, AR 76853"
Gerald,Gerald123,185580,4326471012831212,400,12/25,"Unit 3380 Box 5598
DPO AE 88780"
Ima,Ima123,239239,4792714514508993,363,07/23,"626 Patricia Landing
East Nicoleshire, KY 68239"
Brent,Brent123,891350,4139589029068960,516,08/28,"PSC 3213, Box 9464
APO AE 74257"
Nicholas,Nicholas123,513036,4426512451098794,796,06/24,"81600 Peters Freeway Suite 799
Michelleberg, MD 13958"
Shawn,Shawn123,517791,4194177967724844,360,08/29,"21817 Fitzgerald Vista
West Timothyport, CA 30133"
Tom,Tom123,116127,4824942667621329,894,06/24,"623 Moss Street Apt. 700
South Laura, PA 45124"
Theresa,Theresa123,884553,4375941608038521,794,06/32,"248 Jonathon Squares Suite 840
West Adam, GA 06976"
Ed,Ed123,537100,4562946629897774,437,02/30,"096 James Turnpike Apt. 596
Harrisonshire, MH 47803"
Roger,Roger123,540915,4611302721572066,862,04/29,"589 Anderson Extensions
Lake Johnhaven, DC 38265"
Lee,Lee123,263398,4267881916026035,420,12/23,"731 Morrow Trace Apt. 808
Lyonsview, ND 59935"
Wm,Wm123,271394,4153404315623406,667,02/31,"9893 Garcia Shore Apt. 814
Waynechester, TN 74747"
William,William123,521344,4461303857577706,152,12/31,"199 Brian Camp Suite 240
Michelleton, NH 12971"
Don,Don123,529818,4560803713428127,621,06/25,"17747 Durham Well Suite 616
East Angela, IL 76020"
May,May123,745129,4439251174152563,543,06/24,"5019 Mcfarland Camp Apt. 422
New Cristinahaven, NY 21001"
Tabatha,Tabatha123,138023,4267759611180390,152,01/24,"1006 Tate Brooks Apt. 121
Cannonstad, NE 89593"
Laurene,Laurene123,352631,4968712805613959,782,01/29,"274 Rachel Common Apt. 059
Austinview, MS 29496"
Thomas,Thomas123,580499,4784152914545572,552,06/31,"7864 Angela Highway
Port Johnathan, MH 55252"
Norman,Norman123,774469,4474960283744096,595,07/32,"385 Bryant Green
North Chelseaberg, ND 82073"
Jerri,Jerri123,615019,4270296868858704,264,04/26,"13061 James Hill Apt. 058
Port Heather, CA 53122"
Ollie,Ollie123,750929,4677105606665009,572,10/32,"29458 Anthony Pike
New Anneland, ID 55728"
Claudia,Claudia123,604737,4911320070398310,360,10/32,"1812 Ryan Road
West Justinstad, VT 30399"
Tony,Tony123,828320,4664992972237652,612,10/28,"75757 Hooper Court Suite 626
Monicachester, OK 54819"
Zenaida,Zenaida123,353399,4395855507068700,264,11/24,"5472 Stokes Extension Apt. 920
Port Frank, OK 96948"
Winford,Winford123,680671,4171283701557586,812,05/28,"53331 Kelly Crescent
Henryville, WA 53823"
Andrea,Andrea123,485507,4488042275606486,175,04/27,"2862 Martinez Field
West Lisa, TN 13528"
Matt,Matt123,189558,4356643469522550,274,08/25,"3041 Donald Ford Suite 521
East Dylan, WY 75669"
Kristine,Kristine123,810148,4552282336584790,836,12/26,"075 Brown Pike
Port Ronaldland, AR 15481"
Gregory,Gregory123,631620,4814610085255374,858,04/24,"45180 Rodriguez Parkways Suite 522
Jonathanside, SC 30508"
Mario,Mario123,192639,4200841772502636,877,09/25,"Unit 5799 Box 7390
DPO AA 58917"
Mathew,Mathew123,272647,4073011298874158,515,07/31,"411 Veronica Island
Chadmouth, AS 66533"
Charles,Charles123,863789,4966252237121521,317,07/30,"89261 Patrick Hill
Kimshire, MH 72235"
William,William123,685839,4775433603127638,854,01/29,"5243 Kimberly Crest
Lake Lauratown, DE 44269"
Patricia,Patricia123,140428,4307884014706278,743,08/25,"734 Forbes Place
North Thomasland, NJ 20944"
David,David123,552910,4859330861672363,800,06/26,"863 Stephens Meadows
New Catherine, NH 08460"
Lee,Lee123,595839,4146787390406105,497,03/31,"USCGC Hernandez
FPO AP 87390"
John,John123,284152,4734535063314223,592,02/32,"232 Anna Highway Suite 195
North Clarencehaven, ID 50440"
Hugh,Hugh123,333558,4983976229734664,452,04/31,"009 Stevens Knolls
Baldwinmouth, MD 78810"
David,David123,629820,4150590441725009,880,11/27,"419 Glover Ways
Martinfurt, CO 50759"
Denise,Denise123,473589,4059263848825929,927,02/27,"196 Mack Fork
Port Nicholasport, WY 55018"
Jennifer,Jennifer123,478849,4049742747627182,273,06/27,"16278 Peter Crossing Suite 845
Cohenshire, CT 06465"
Kenneth,Kenneth123,747568,4020963202147044,162,12/26,"0633 Barbara Crescent
Morrisborough, WA 76263"
Helen,Helen123,369241,4511801010757222,235,05/26,"73424 Molly Avenue Suite 696
North Kimberlyborough, PW 21365"
Genevieve,Genevieve123,642524,4911931924301365,394,07/24,"65365 Daniels Bridge Apt. 801
Lake Sarah, PA 08738"
Jennifer,Jennifer123,267472,4919663706864425,576,08/27,"345 Michael Light Apt. 417
Williamsmouth, MO 64282"
Mary,Mary123,140528,4191926320880195,284,10/24,"4096 Combs Islands Suite 825
East Danielview, AR 43958"
Terry,Terry123,983535,4590461820551747,103,02/29,"390 White Meadows Suite 344
West Mark, NJ 57457"
William,William123,467178,4045888292530901,898,10/30,"057 Klein Square
Port Joseph, LA 96737"
Paul,Paul123,787892,4216262486168204,306,11/27,"715 Parker Pines
South Edwardberg, DC 02218"
Daniel,Daniel123,716186,4997119877705330,504,07/31,"Unit 2386 Box 6869
DPO AE 22363"
Christina,Christina123,772967,4123592951750728,661,01/32,"78657 Joseph Lakes Suite 408
Silvaport, AZ 81789"
Patricia,Patricia123,711893,4395031350176079,174,05/25,"095 Phillip Inlet
West Michaelbury, SC 57451"
John,John123,363810,4411394032927933,380,08/32,"35277 Stanley Trail Suite 502
Edwardmouth, SC 20260"
Robbie,Robbie123,208379,4557771952336928,793,05/27,"404 Murphy Landing Suite 011
Wilsonview, MI 85708"
Tessa,Tessa123,499755,4145246083556370,851,08/26,"262 Guerrero Corners
Fuentesfurt, NY 90191"
Thurman,Thurman123,513858,4065382163557917,302,07/32,"Unit 2081 Box 5053
DPO AP 23136"
Lillian,Lillian123,528927,4075637430457177,445,09/26,"9952 Zachary Inlet
Loriport, ND 45244"
Jason,Jason123,481002,4746713492949929,861,06/23,"65271 Corey Junction
North Markton, NC 96479"
Conrad,Conrad123,835892,4395533473578677,753,11/23,"606 Morales Stream
Millerfort, AS 08888"
Aurora,Aurora123,979039,4754310468689867,541,08/24,"PSC 7548, Box 8171
APO AA 12685"
Malissa,Malissa123,373432,4285075823736657,673,05/27,"32845 Harper Lake Suite 298
East Laurenchester, ND 39084"
Brandi,Brandi123,361036,4138846741078847,374,02/24,"9402 Leon Crossroad Apt. 609
Port Joelport, CA 81078"
James,James123,213252,4790980394413768,232,11/30,"44018 Williams Fort Apt. 139
New Jessicaton, VI 69409"
Scott,Scott123,355752,4737647199564014,658,02/33,"34052 Lisa Extension
Ericafurt, HI 85000"
Ruby,Ruby123,747186,4355075250596819,342,11/31,"6640 Silva Grove Suite 881
New Colinbury, IN 37818"
Helen,Helen123,553622,4427510450631994,203,08/30,"164 Andrea Underpass
Port Gina, AZ 13006"
Ralph,Ralph123,586613,4154209447479042,541,04/31,"90193 Mary Union Suite 246
Millerberg, NY 29806"
Samuel,Samuel123,271165,4424107615670877,330,09/26,"419 Turner Road
Amandafurt, MP 10286"
Beatrice,Beatrice123,198537,4268601020124263,284,04/26,"1972 Kara Street Suite 784
Emilyshire, GA 04635"
Joseph,Joseph123,370030,4301800010877646,545,11/27,"7368 Jonathan Cliffs
Jessicaberg, GU 79495"
Mary,Mary123,402134,4290023252367811,968,05/24,"Unit 4852 Box 6864
DPO AP 92202"
Claude,Claude123,384504,4170610950567398,157,05/27,"5565 Jill Place
New Brian, TX 39523"
Rodolfo,Rodolfo123,792365,4432950092013438,808,07/24,"884 Paula Ramp
North Allisonfurt, PW 84106"
Corrinne,Corrinne123,419780,4339214576491899,281,08/26,"24797 Benton Forest
New Benjamin, GU 78434"
Douglas,Douglas123,583366,4417095052363297,302,01/30,"6037 Margaret Fort Apt. 276
West Maryside, OH 32973"
Carol,Carol123,618348,4331762427483786,555,08/31,"02772 Burgess Landing Apt. 870
Campbellshire, MI 13165"
Dorothy,Dorothy123,563668,4815349552263210,840,07/29,"67891 Kramer Turnpike Apt. 762
Suttonton, TX 36626"
John,John123,132320,4561016725629082,685,06/26,"31106 Nicholas River
New Stephen, KY 18853"
Heather,Heather123,788776,4699418119213991,419,10/30,"255 Gonzales Ramp
Johntown, NE 36749"
Rosemary,Rosemary123,901751,4033571135521816,845,04/31,"Unit 5161 Box 4114
DPO AA 01091"
Douglas,Douglas123,628297,4823720598125888,277,06/25,"8514 Matthew Bypass Apt. 656
East Andres, OK 32901"
Ann,Ann123,181599,4449756504466374,593,10/29,"5970 Jones Mountain Suite 507
Carlafort, FM 54879"
Brian,Brian123,482858,4204409535352172,355,02/26,"447 Stephanie Mission
North Calvinhaven, HI 45547"
Carlos,Carlos123,585361,4500140339876683,602,05/28,"USNV Sandoval
FPO AP 24349"
Andrew,Andrew123,339296,4739154811195226,796,02/28,"11547 Krause Cove
Ellisland, CT 28284"
Tom,Tom123,980431,4419738464313602,268,10/23,"5757 Day Forges Suite 415
Amyview, HI 24151"
Susan,Susan123,731439,4442355396757615,673,01/30,"Unit 9187 Box 4173
DPO AA 17781"
Linda,Linda123,654289,4781139653487820,390,04/32,"305 Derrick Landing
Lake April, MO 90737"
Stella,Stella123,901334,4873083685437818,108,02/24,"62354 Fritz Road Suite 132
New Heather, CO 47309"
Rashida,Rashida123,863794,4612497695887679,888,02/25,"42840 Nicole Turnpike
Sonyaborough, GA 65273"
Robert,Robert123,357035,4940726968224308,298,01/33,"137 Rebecca Crossing
Housetown, MP 94436"
Anita,Anita123,202596,4355226791028891,396,09/26,"638 Salazar Street Suite 191
Michaelmouth, MN 96368"
Robert,Robert123,556817,4762697125737067,665,03/26,"57237 Randy Oval Suite 888
Courtneyborough, WI 46712"
Cathy,Cathy123,476966,4271741840222171,270,09/27,"429 Elizabeth Streets Apt. 654
Nicolehaven, SC 67270"
Sandra,Sandra123,842420,4482690445748954,703,06/23,"0711 Michael Divide
New Thomasfurt, IA 98221"
Robert,Robert123,900430,4776363561868056,484,03/28,"3965 Boone Walks Apt. 523
Suttonberg, CT 18332"
Betty,Betty123,485343,4846033427043659,433,07/24,"1008 Smith Crossing Suite 448
Marissabury, ND 58232"
Roy,Roy123,899815,4900860547044172,217,02/32,"2480 Evans Field Apt. 661
Howardburgh, KY 15738"
Susan,Susan123,736651,4905682365773459,125,11/23,"53081 Taylor Islands Apt. 620
Elizabethmouth, GU 42264"
June,June123,861169,4098490898504673,475,10/28,"01078 David Stream
West Hayden, DE 04902"
William,William123,136645,4388455632379780,332,06/27,"144 Jeffrey Mountain
Tammyfurt, WY 74795"
Hettie,Hettie123,575453,4661830919032377,977,09/25,"48781 Cody Turnpike
Lake Juliachester, NV 62709"
Jesse,Jesse123,489339,4988691583880871,166,02/28,"0557 Campbell Ridge Suite 379
Lloydhaven, FM 13204"
Leann,Leann123,625123,4442984735581301,127,09/32,"95409 Diaz Plaza Suite 098
Williamsonshire, SD 42324"
Ronnie,Ronnie123,938389,4075059224849347,933,10/30,"234 Samantha Lodge
Port Jonathan, SC 27840"
Martha,Martha123,636609,4400045231746473,453,03/29,"0204 Garza Valleys
Cynthiaburgh, CO 26781"
Nathaniel,Nathaniel123,889878,4764775626029818,120,05/31,"307 Jones Bypass Suite 121
Ryanmouth, ME 87407"
James,James123,162839,4414755935761685,677,06/32,"514 Diana Village
Sarahburgh, AK 43702"
Renee,Renee123,589173,4450500686368008,544,04/25,"189 Peterson Valley
West Patriciafort, WV 65998"
Reginald,Reginald123,850717,4569421451208345,700,06/26,"PSC 9254, Box 6826
APO AP 04111"
Brian,Brian123,279878,4804978780986805,229,04/30,"7279 Brown Inlet Apt. 359
New Katherineborough, AL 85460"
Krista,Krista123,237045,4211016178102144,117,05/26,"7793 Simpson Square
Penningtonfurt, NE 23516"
Joseph,Joseph123,947638,4801920550749685,948,06/26,"PSC 0951, Box 7362
APO AA 69018"
Richard,Richard123,370325,4433680515128252,911,07/25,"7571 Linda Rapids Suite 367
Lake Hannah, AR 70763"
Cora,Cora123,562490,4800537032458882,941,07/26,"3384 Mccormick Stream Suite 783
Morganfurt, SD 15780"
William,William123,993238,4804632732833991,654,09/27,"65641 Jennifer Prairie Suite 815
Port Allenside, NH 81922"
Richard,Richard123,996237,4963087176498859,239,09/29,"390 Maria Plaza
Julieville, RI 50376"
Shirlene,Shirlene123,325253,4194085837881480,593,09/32,"9600 Bruce Centers
Mcdonaldside, MN 89670"
Louis,Louis123,251748,4504194955383587,345,09/26,"52392 Anthony Mission
Websterfort, KY 55341"
Denise,Denise123,653972,4196697129616131,484,09/29,"632 Snyder Park Suite 633
Tammyhaven, UT 60192"
Rebecca,Rebecca123,196410,4485124088192889,561,01/29,"729 Payne Loop
North Tammyside, HI 96131"
Maria,Maria123,820397,4136012325643942,241,09/27,"941 Steven Mountain Apt. 335
North Marieton, ME 67655"
Harry,Harry123,960207,4466662122053149,563,09/29,"9848 Edward Junctions
South Sandyton, FL 19210"
Carl,Carl123,608279,4031953361153179,425,08/27,"48225 Johnson Glens Suite 308
New Joseph, FM 26113"
Mohammed,Mohammed123,213868,4270451269476230,513,07/25,"7973 Stacy Parkways
Coxberg, PA 14600"
Sandra,Sandra123,683453,4193979645239827,105,02/26,"212 Blankenship Summit
East Elizabethborough, MO 42720"
Roger,Roger123,951873,4578177570589440,615,07/23,"30361 Paul Court
North Mark, MA 45360"
Matthew,Matthew123,869043,4546146471464283,885,07/27,"10512 Karina Avenue Apt. 179
New Ryanburgh, NY 76230"
Richard,Richard123,404833,4751534329147442,901,03/24,"339 Theresa Corners
Lake John, VT 01695"
Ann,Ann123,884195,4714985496546202,209,11/31,"8774 Krista Ports
East Shelbyside, TN 03749"
Larry,Larry123,201127,4181032615775869,455,05/27,"98600 Amy Ramp Apt. 410
New Michael, HI 84210"
Thomas,Thomas123,601327,4312455371795064,168,06/29,"16079 Alexander Plains
Vazquezshire, AZ 93736"
Trisha,Trisha123,132548,4837149556001499,829,04/26,"54772 Clark Mountains Apt. 262
New John, VA 07945"
Sandra,Sandra123,710057,4763379010168737,126,03/30,"994 Aaron Skyway
Greenebury, CO 35070"
Matthew,Matthew123,768934,4243278245877056,580,12/23,"95146 Pope Turnpike Apt. 403
Lake Johnchester, IL 30358"
Allison,Allison123,621407,4827912241764090,152,05/26,"131 Mark Island
South Erikside, WA 50867"
Melody,Melody123,863515,4116749146412999,506,09/24,"5673 Jesus Glens
Port Jamie, TN 37993"
Gary,Gary123,969485,4801726923435328,647,04/31,"035 Ruth Parks Apt. 139
Lake Kimland, SD 73678"
Odell,Odell123,233341,4509114925891555,696,12/23,"998 Karen Manors Suite 018
Lake Sylviaberg, IL 24683"
Douglas,Douglas123,723001,4089690191784549,540,07/29,"478 Ramos Falls
Coleville, MA 81515"
Vince,Vince123,397469,4152535612393390,108,05/30,"2734 Patrick Skyway
Terryfurt, CO 76534"
Stephanie,Stephanie123,625831,4207109991517600,722,09/23,"736 Thomas Plaza Apt. 271
Richardbury, MA 46179"
Twyla,Twyla123,259018,4363553135286913,913,04/29,"6654 Mcclure Bridge
Hoovermouth, CA 59111"
Thomas,Thomas123,112435,4722433467697597,200,12/26,"USNS Norman
FPO AP 98846"
Roxanne,Roxanne123,590593,4702888183325449,921,05/32,"6447 Lori Walk Suite 567
South Dylan, CT 30884"
Stephanie,Stephanie123,851278,4171705536643140,295,07/24,"0027 Caitlin Street Apt. 907
Lake Donald, OR 68784"
Lydia,Lydia123,641268,4989063777378311,183,11/23,"023 Alexander Grove
Millerland, KS 79703"
Bob,Bob123,540883,4719750410856615,447,04/24,"50406 Grant Prairie
Lake Maryfurt, MI 64612"
Shayna,Shayna123,632185,4332604994421576,306,09/24,"3253 Lopez Highway
West Charlesview, MT 19928"
Dorothy,Dorothy123,312422,4466151496415365,502,11/27,"6399 Kristin Stravenue
Penafort, UT 25355"
Felipe,Felipe123,638489,4389057851707524,155,03/32,"0543 Anthony Brook Apt. 221
Marymouth, NV 58260"
Ruth,Ruth123,467737,4766000809962448,396,02/26,"228 Garner Summit
Williamland, VI 86510"
Kimberly,Kimberly123,848165,4828209259655065,895,09/25,"911 Wilson Crossroad Apt. 157
Port Stephanieland, NY 44073"
Joseph,Joseph123,387282,4766986251455172,870,05/31,"Unit 2231 Box 5368
DPO AE 76621"
Lillie,Lillie123,843980,4726447270937921,658,05/23,"2128 Margaret Station Suite 047
Terryfort, UT 12889"
Kendall,Kendall123,838677,4091169088807636,806,04/27,"968 Jonathan Lakes Apt. 408
Andersonton, CA 48992"
Kayla,Kayla123,245905,4924968995274118,799,06/24,"43298 Olson Heights Suite 520
Raymondside, WY 39103"
Margaret,Margaret123,705081,4071458887228159,783,12/31,"991 Scott Falls Suite 409
Lake Lisa, LA 55451"
Robert,Robert123,578296,4214691966991465,451,03/27,"USS Frederick
FPO AP 45391"
Estella,Estella123,768101,4395897622370272,274,11/26,"461 Russell Throughway Suite 580
North Valerieburgh, AZ 92612"
Larry,Larry123,798691,4364105936528537,329,07/28,"PSC 2326, Box 0125
APO AA 20747"
Domingo,Domingo123,278755,4400425741707308,134,02/28,"59520 Sandoval Glens
South Jean, WI 77218"
Suzanne,Suzanne123,410285,4636578868571034,977,05/25,"181 Brendan Point
New Mario, IA 66351"
David,David123,503588,4247130807804844,119,04/24,"6962 Jared Ridges Suite 351
Port Brent, GU 69726"
Crystal,Crystal123,424134,4396936392281175,698,06/29,"073 David Knolls
West Jessicatown, KY 29083"
Evelyn,Evelyn123,640703,4764791241817081,155,06/24,"75513 Caldwell Mall Apt. 456
East Justinborough, ND 66327"
Violet,Violet123,190297,4796431357009791,618,01/29,"6565 Charles Ports
Huffhaven, TN 39215"
Roger,Roger123,159788,4946014494323363,776,04/26,"527 Christine Common Apt. 836
Jenniferfurt, PR 30049"
Nicholas,Nicholas123,115842,4342510504136133,434,04/24,"USNV Jacobson
FPO AE 19208"
Scott,Scott123,254147,4895293419116760,877,07/24,"95611 Amy Ridges
Lake Robert, HI 91208"
Herbert,Herbert123,558991,4802202943385546,459,12/29,"06839 Carroll Circles Apt. 930
Sarahville, UT 79361"
Micheal,Micheal123,407539,4348674883585221,887,08/24,"47332 Laura Lights Suite 740
Brandonstad, FM 35225"
Dennis,Dennis123,198899,4589821540116746,680,10/27,"61323 Kevin Pine
Port Calebbury, WA 95087"
Denise,Denise123,991588,4189914175043188,723,03/27,"375 Young Bypass Apt. 978
North Morgan, GA 78195"
Donna,Donna123,104765,4265758253298215,522,04/29,"756 Townsend Rapid Apt. 001
Leebury, KS 78493"
Rosalind,Rosalind123,258260,4797967714162483,241,03/23,"49368 Jackson Highway
East Matthew, NM 96069"
Jin,Jin123,617411,4876637884420383,105,06/30,"888 Courtney Islands Apt. 927
North William, OK 01068"
Hershel,Hershel123,883266,4224571820678037,640,03/26,"511 Ryan Manors Suite 224
Stephaniebury, MD 72528"
Catherine,Catherine123,328325,4367527980072541,872,07/28,"5820 Parker Keys
New Kathleenside, MH 40527"
Louis,Louis123,736946,4811126178561621,420,08/29,"58639 Shannon Field
West Pamelaport, IL 90274"
Frederick,Frederick123,322109,4578087235908960,420,04/25,"506 Williams Rest
Michelleside, DC 09850"
Maria,Maria123,141923,4496849608237098,396,08/29,"742 Walsh Port Suite 173
West Ronaldville, IN 42409"
Marian,Marian123,327956,4314272851031722,543,12/27,"558 Christopher Springs
South Heatherchester, SC 55166"
Fred,Fred123,549304,4840005039807214,802,12/28,"092 Buck Mill
Hamptonport, MD 05414"
Sylvia,Sylvia123,948199,4431647800718099,285,09/28,"9266 Theresa Forks Apt. 061
Deborahmouth, MN 08713"
Doris,Doris123,970451,4208463628038988,912,02/32,"59899 Horn Mills
Christinashire, VT 29340"
Alice,Alice123,356170,4570220949033860,519,05/27,"72421 Johnny Shore Suite 966
Haynesfurt, SC 06742"
Ruby,Ruby123,716734,4270600615488279,225,03/28,"55730 Jones Crescent Apt. 418
South Mary, DE 74446"
Charles,Charles123,871629,4672932436212115,257,08/31,"66489 Jerry Throughway Suite 681
East James, TN 98056"
Alfredo,Alfredo123,110426,4190651327550184,864,02/27,"1421 Julie Ridge
Port Angelaport, UT 43972"
Lucy,Lucy123,327533,4259701419911204,225,07/32,"Unit 8690 Box 2074
DPO AA 08320"
Shannon,Shannon123,277555,4220412684882700,728,08/29,"783 Davis Prairie
Tammyfurt, MI 04184"
Peter,Peter123,747210,4756024402506222,551,03/31,"4845 Jesse Viaduct Suite 841
Allisonhaven, KS 04381"
Richard,Richard123,528650,4358722729966183,762,12/24,"630 Jaime Keys Suite 926
Laurentown, CO 02976"
Donna,Donna123,895899,4666774802742848,540,06/28,"480 Luis Forks Suite 799
North Jessica, NH 56539"
Marisa,Marisa123,666642,4048129143690249,925,04/29,"06180 Brown Summit
West Derek, PW 15626"
Mark,Mark123,737723,4896099291676444,182,05/31,"8623 Aguilar Parkways Suite 829
Debraton, NM 09914"
Angel,Angel123,545457,4988136569407315,720,10/23,"94307 Osborne Creek
Lake Cassandra, MD 03229"
Larry,Larry123,369349,4844821734495204,623,12/31,"507 Chang Gateway
Wrightview, WA 40608"
Robert,Robert123,687319,4535272532941219,771,10/26,"9051 Jennifer Lodge Apt. 441
Torresside, IA 79910"
Brandon,Brandon123,605174,4376712465157434,571,11/32,"5599 Jason Pine
West Amy, FM 80421"
Vincent,Vincent123,429967,4932504122162551,801,05/28,"536 Choi Ramp Suite 948
Fischermouth, AS 48792"
Mary,Mary123,757576,4821870103551177,226,09/27,"USNV Hall
FPO AE 59053"
Linda,Linda123,291331,4443457527917693,880,01/30,"54619 Lisa Parkways
Joseside, MP 69193"
Angie,Angie123,218841,4985058380994680,735,07/29,"355 Zachary Island
New Lisa, UT 49193"
Kathryn,Kathryn123,656415,4616496699852164,371,05/27,"274 Lynn Freeway Apt. 776
Matthewland, MA 78570"
Leonard,Leonard123,962348,4863548073800340,601,01/24,"PSC 0150, Box 2933
APO AA 99363"
Paul,Paul123,174260,4444456081330904,435,01/27,"08476 Keith Circles Suite 863
Danielfurt, NV 61529"
Minnie,Minnie123,833477,4462874494091649,645,12/28,"12767 Wendy Divide Apt. 579
Robertview, OH 97789"
Florence,Florence123,858864,4991076785764575,340,12/25,"256 Pineda Junctions Apt. 136
North Charlesside, AZ 55428"
Robert,Robert123,546399,4540142644581679,715,04/29,"PSC 9664, Box 7701
APO AP 12102"
Bruce,Bruce123,396827,4279476638649838,206,12/27,"89113 Miller Union Suite 998
Taylorside, SD 91846"
Gina,Gina123,555914,4708165003047576,290,11/28,"8536 Andrea Overpass Apt. 054
West Janicestad, MT 60651"
Susan,Susan123,989296,4568733483651198,180,05/32,"USCGC French
FPO AE 37967"
Robert,Robert123,854888,4844088479809284,382,05/24,"7601 Brian Parkways Apt. 796
East Destiny, SD 49161"
Justin,Justin123,157109,4395326539868459,642,07/29,"2467 Williams Freeway Suite 338
Lake Crystal, RI 55545"
Michelle,Michelle123,745328,4682425588969218,715,02/32,"PSC 6423, Box 3976
APO AP 73621"
Dora,Dora123,884262,4045083088566877,621,08/26,"4493 Andrew Tunnel Suite 423
Howardfurt, MP 53307"
Jessie,Jessie123,588346,4260718351642982,906,11/26,"22222 Carter Station
New Rachel, CA 43057"
Joseph,Joseph123,268151,4260973979402927,419,08/29,"418 Frank Square
Port James, NV 15575"
Patricia,Patricia123,167016,4465993517971509,139,09/32,"7153 Carol Groves Suite 405
East Ashley, AR 63281"
Carl,Carl123,454984,4201773683363874,637,06/30,"0810 Jones Throughway
Brianfurt, MI 62815"
Donita,Donita123,341512,4733309536184998,877,04/24,"47658 Peter Dam Apt. 254
North Melissaburgh, IN 39533"
Luis,Luis123,858053,4067735463697865,630,02/33,"650 Parker Prairie
Lake Michelle, NJ 82077"
Scott,Scott123,661555,4323828639604897,872,02/29,"88748 Guzman Glens
Lake Ianview, PW 00915"
David,David123,618388,4281679908498218,563,09/25,"4429 Davenport Branch
North Luisland, LA 06170"
Paul,Paul123,473836,4860670471996646,663,07/30,"02552 Campbell Vista Suite 225
Port Russellmouth, MS 06158"
Michael,Michael123,727611,4516281836911805,771,09/26,"567 Jacob Bypass
Davisville, ME 06114"
Sonja,Sonja123,399487,4887026292889255,784,05/26,"848 Shawn Vista Suite 828
Williamburgh, NC 89147"
Wilfredo,Wilfredo123,213046,4314252479103061,861,12/30,"5512 Robert Lodge Suite 771
West Nancy, NE 67346"
Samantha,Samantha123,134566,4841546233357265,944,04/32,"Unit 8239 Box 7185
DPO AP 14563"
Joseph,Joseph123,597861,4178391737155847,664,09/28,"14241 Clarke Union
North Lucasmouth, IL 81888"
Debra,Debra123,283678,4531914068317140,571,04/30,"71662 Thomas Crossroad
Patriciabury, IA 33420"
Steve,Steve123,107261,4134272299900932,806,01/30,"9689 Kyle Isle
Anthonytown, IA 03195"
Thelma,Thelma123,804614,4659945414268997,271,06/27,"23274 Heather Street Apt. 538
Jamesmouth, AK 93274"
Anthony,Anthony123,112454,4731171496421758,919,12/32,"44534 Smith Island
East Robertshire, NM 49705"
Susan,Susan123,142618,4020495619294333,250,05/32,"037 Martin Mountain Apt. 214
North Dillon, NM 88017"
Dorian,Dorian123,435808,4504285621927904,869,05/23,"4261 Eric Isle
Port Michael, KS 61364"
Jefferson,Jefferson123,597810,4300953706343083,242,11/32,"29375 Ashlee Oval
Hortonfurt, AZ 03366"
Philip,Philip123,961302,4466281941665486,986,01/26,"PSC 6747, Box 2798
APO AP 03348"
Tim,Tim123,657221,4770132435399689,665,08/24,"120 Allen Path Apt. 739
Millermouth, AL 83089"
Nathaniel,Nathaniel123,296128,4646247256334946,293,07/24,"72937 Nathan Lane
Dickersonhaven, VT 77875"
Frank,Frank123,420220,4371618462536840,462,10/28,"7406 Jones Canyon Apt. 017
Everettview, PW 83960"
Wendy,Wendy123,144370,4422523512401657,947,04/24,"914 Darren Mill
Port Manuelstad, RI 09947"
John,John123,150735,4822870143637837,771,11/26,"209 Mcclure Cliff
Port Francis, WV 24180"
Hortencia,Hortencia123,108158,4564833686225982,728,04/24,"69958 Gary Square
Port Jacquelinestad, AZ 32139"
Ronald,Ronald123,875608,4234904192482654,132,12/24,"USNV Perez
FPO AP 72630"
Richard,Richard123,569788,4860847761410963,242,08/27,"01097 Simpson Meadow Suite 835
Kellyshire, AZ 87311"
Norman,Norman123,482868,4026152518071551,737,05/25,"82495 Lindsey Mills
Moralesberg, NM 97600"
Catherine,Catherine123,787578,4305781574505680,154,11/30,"PSC 3124, Box 1887
APO AE 10854"
Robert,Robert123,571007,4336720283109601,518,08/31,"Unit 9358 Box 1713
DPO AP 93877"
Rebecca,Rebecca123,430053,4573448754922094,498,05/28,"27576 Taylor Centers
Michaelhaven, FL 39771"
Amy,Amy123,412536,4821081281185560,134,09/27,"2235 Joseph Glens
Debraburgh, WY 61389"
William,William123,686990,4819587660576413,110,02/31,"0074 Meyer Rapid
Gallagherton, AR 71152"
Randall,Randall123,494126,4863352633653251,118,04/31,"9688 Hall Roads
Port Connieshire, WI 68996"
Beverly,Beverly123,717350,4500451084634932,259,02/31,"USCGC Hernandez
FPO AP 33024"
Mary,Mary123,618310,4359300579250112,999,11/24,"7751 Ellis Light Suite 437
Port Scottton, PW 28223"
Pamela,Pamela123,677044,4566340064277146,896,07/25,"USS Simpson
FPO AE 73615"
Edwin,Edwin123,564321,4248534721751016,416,02/29,"080 Levine Roads Suite 863
Randallfort, NV 75904"
Alma,Alma123,259362,4404426568243258,163,08/31,"55849 Clayton Rapid Apt. 387
West Shawna, MO 21831"
Elliott,Elliott123,628554,4543525259669093,228,06/26,"23989 Dennis Groves Suite 342
Paulton, AR 44636"
Jeanne,Jeanne123,903383,4995054484617333,234,01/31,"3346 Bradley Curve
New Joshuaview, NE 77145"
Antonio,Antonio123,372143,4173070850438728,919,08/28,"2687 Baker Islands Suite 166
East Lisaside, TX 82406"
Gene,Gene123,832269,4513521914299489,278,09/29,"28604 Mccoy Rue Suite 268
East Debra, KY 49934"
Rusty,Rusty123,713921,4048323083806473,517,03/32,"396 Stark Keys Suite 262
Aaronmouth, FM 10902"
Catherine,Catherine123,979275,4359852483724038,138,09/27,"067 Vasquez Land
Jamesfort, MO 07396"
Jose,Jose123,210107,4520112633753567,831,09/28,"42193 Atkins Crossing Suite 282
Port Virginia, NE 87128"
Brock,Brock123,755228,4442507997376217,414,11/31,"2352 Cannon Terrace
Port Christopher, GU 05728"
Ana,Ana123,206141,4636056235043680,182,10/26,"3890 Amber Bridge Suite 981
Andreaside, NV 68867"
Summer,Summer123,912851,4695683633207175,617,05/23,"3094 Michael Avenue Apt. 409
East Richardland, LA 62277"
Marie,Marie123,915476,4456624961604467,848,04/29,"634 Ballard Track
Danielbury, MS 62689"
Annette,Annette123,925500,4989746026592324,573,09/29,"9540 Taylor Fort Suite 920
South Erin, KS 70145"
David,David123,750237,4644525085312130,898,10/26,"0719 Jared Knolls
Lake Jasonbury, HI 25316"
Doris,Doris123,873212,4817041475506522,360,12/25,"3587 Michael Fork Apt. 931
East Annaville, WA 13688"
Michelle,Michelle123,396187,4377490906120043,836,10/23,"228 Baxter Shoal Suite 010
Marshallchester, WI 92288"
Brian,Brian123,943360,4768170114026706,968,07/29,"494 Sweeney Underpass Apt. 332
New Jimmy, KS 37132"
Russell,Russell123,592950,4441778815118294,851,05/30,"36763 Timothy Fields Apt. 224
Port Teresaberg, CT 26179"
Kristopher,Kristopher123,399809,4368582746008361,537,01/28,"3222 Kristy Ridges Apt. 810
West Angelaland, MO 86156"
James,James123,583823,4294761579215694,721,05/32,"368 Rodgers Grove
Lauraberg, NM 85885"
Bernard,Bernard123,179854,4888015448481629,892,08/26,"649 Dunn Underpass
South Matthew, KS 01370"
Rebecca,Rebecca123,755530,4201639714044645,241,01/25,"384 Donald Greens Suite 868
Danielsstad, CA 43944"
Raymond,Raymond123,136870,4929731821090628,465,03/28,"045 Zachary Run Suite 494
Lake Kristinstad, NE 03311"
Patrick,Patrick123,535842,4710425180966337,747,09/25,"USCGC Adams
FPO AE 04041"
Donald,Donald123,231777,4935765354439689,601,11/26,"67405 Flynn Vista Apt. 442
Ebonyborough, PR 47091"
David,David123,357602,4272188579776259,929,03/31,"297 Norman Isle
Juliechester, PW 13481"
John,John123,742548,4961763406185977,765,11/30,"53378 Cervantes Pines Apt. 090
Simpsonville, IN 94128"
Christopher,Christopher123,610181,4214416286868130,921,03/31,"992 Mcclure Lights Apt. 366
Amychester, KY 68890"
Chad,Chad123,288160,4565175834595778,767,05/29,"9855 Johnson Burg Apt. 292
East Jacob, MD 61882"
Joseph,Joseph123,828822,4893363174919112,576,01/32,"011 Garcia Field Suite 524
Garyfort, FL 24318"
Sherry,Sherry123,522415,4167618429722713,262,09/23,"476 Candace Stravenue Apt. 011
Vegafurt, VT 62630"
Myron,Myron123,400175,4867444498208382,604,02/27,"Unit 9747 Box 2808
DPO AE 34282"
Diana,Diana123,458723,4531430280392746,565,01/32,"871 Ronnie Fall
South Diana, CA 29586"
Jeanie,Jeanie123,955461,4915770571212095,147,04/32,"5194 White Trafficway
East Justinfurt, KS 24328"
James,James123,586812,4188935322482517,509,09/24,"477 Ruth Shoals
Lake Tarachester, SD 72407"
Paris,Paris123,501847,4985025784280735,525,12/24,"227 Shane Haven
Ruizborough, MS 85488"
Maria,Maria123,692608,4118681529720698,537,08/23,"3981 Williamson Cliff
Choiland, AZ 91346"
Mable,Mable123,314297,4897806257553675,312,09/29,"8685 Park Mews
East Christopher, AL 41071"
Evelyn,Evelyn123,340588,4723524486158147,405,07/23,"PSC 7255, Box 7422
APO AA 59719"
Heather,Heather123,286032,4550596960396102,864,06/27,"040 Murray Neck
New Amanda, AK 16721"
Ginger,Ginger123,224732,4352204332502339,402,12/32,"29519 Hicks Locks
South Brittanyburgh, KY 74526"
Sally,Sally123,745141,4752129170593197,695,04/27,"66017 Cameron Hollow Suite 150
East Dale, MS 30692"
Elizabeth,Elizabeth123,632262,4931728649256148,221,06/30,"079 Tammy Valley
North Christophershire, RI 29399"
Nancy,Nancy123,199515,4823496404865807,386,11/32,"500 Paul Camp Suite 910
South Kimberly, VI 37823"
Cindy,Cindy123,512390,4928262108423655,599,07/26,"7299 Shane Rapids Apt. 335
Port Glendabury, FL 82569"
